date,fitted_values
2023-03-01 07:00:00,21.352686
2023-03-01 08:00:00,21.56319
2023-03-01 09:00:00,25.797232
2023-03-01 10:00:00,19.283886
2023-03-01 11:00:00,24.956774
2023-03-01 12:00:00,30.867348
2023-03-01 13:00:00,23.45575
2023-03-01 14:00:00,32.06907
2023-03-01 15:00:00,29.881018
2023-03-01 16:00:00,16.396814
2023-03-01 17:00:00,13.539687
2023-03-01 18:00:00,34.79179
2023-03-01 19:00:00,33.514973
2023-03-01 20:00:00,25.496946
2023-03-01 21:00:00,17.838501
2023-03-01 22:00:00,12.760835
2023-03-01 23:00:00,1.9051244
2023-03-02 00:00:00,-0.044434626
2023-03-02 01:00:00,2.325198
2023-03-02 02:00:00,3.395184
2023-03-02 03:00:00,3.4106402
2023-03-02 04:00:00,3.4106402
2023-03-02 05:00:00,3.4106402
2023-03-02 06:00:00,5.3677654
2023-03-02 07:00:00,9.735988
2023-03-02 08:00:00,10.1332855
2023-03-02 09:00:00,36.655228
2023-03-02 10:00:00,29.743826
2023-03-02 11:00:00,30.508663
2023-03-02 12:00:00,25.484417
2023-03-02 13:00:00,27.719597
2023-03-02 14:00:00,36.8168
2023-03-02 15:00:00,30.459415
2023-03-02 16:00:00,26.756386
2023-03-02 17:00:00,31.218885
2023-03-02 18:00:00,27.850399
2023-03-02 19:00:00,18.236628
2023-03-02 20:00:00,17.147758
2023-03-02 21:00:00,6.657715
2023-03-02 22:00:00,4.3849764
2023-03-02 23:00:00,3.7045317
2023-03-03 00:00:00,4.4721966
2023-03-03 01:00:00,5.2731886
2023-03-03 02:00:00,5.319878
2023-03-03 03:00:00,5.319878
2023-03-03 04:00:00,5.319878
2023-03-03 05:00:00,11.928381
2023-03-03 06:00:00,14.134233
2023-03-03 07:00:00,9.493292
2023-03-03 08:00:00,20.064154
2023-03-03 09:00:00,31.781868
2023-03-03 10:00:00,36.669384
2023-03-03 11:00:00,28.276737
2023-03-03 12:00:00,31.128006
2023-03-03 13:00:00,19.129272
2023-03-03 14:00:00,12.53739
2023-03-03 15:00:00,28.137468
2023-03-03 16:00:00,25.635185
2023-03-03 17:00:00,25.445839
2023-03-03 18:00:00,32.799744
2023-03-03 19:00:00,29.996038
2023-03-03 20:00:00,27.252333
2023-03-03 21:00:00,10.871954
2023-03-03 22:00:00,11.146368
2023-03-03 23:00:00,8.427851
2023-03-04 00:00:00,1.6453307
2023-03-04 01:00:00,1.1088897
2023-03-04 02:00:00,3.164686
2023-03-04 03:00:00,3.553282
2023-03-04 04:00:00,3.553282
2023-03-04 05:00:00,3.553282
2023-03-04 06:00:00,3.553282
2023-03-04 07:00:00,4.6695924
2023-03-04 08:00:00,12.11629
2023-03-04 09:00:00,22.540932
2023-03-04 10:00:00,40.605927
2023-03-04 11:00:00,36.958065
2023-03-04 12:00:00,30.591656
2023-03-04 13:00:00,29.883265
2023-03-04 14:00:00,35.706512
2023-03-04 15:00:00,42.50219
2023-03-04 16:00:00,40.007313
2023-03-04 17:00:00,39.400536
2023-03-04 18:00:00,42.619076
2023-03-04 19:00:00,45.639732
2023-03-04 20:00:00,39.183308
2023-03-04 21:00:00,28.337717
2023-03-04 22:00:00,18.228678
2023-03-04 23:00:00,4.413433
2023-03-05 00:00:00,4.3614526
2023-03-05 01:00:00,3.2609124
2023-03-05 02:00:00,1.8748912
2023-03-05 03:00:00,2.770219
2023-03-05 04:00:00,3.3646083
2023-03-05 05:00:00,3.364608
2023-03-05 06:00:00,3.364608
2023-03-05 07:00:00,3.3646083
2023-03-05 08:00:00,8.1791935
2023-03-05 09:00:00,23.117456
2023-03-05 10:00:00,24.618473
2023-03-05 11:00:00,37.81988
2023-03-05 12:00:00,36.783787
2023-03-05 13:00:00,31.822527
2023-03-05 14:00:00,36.734116
2023-03-05 15:00:00,19.415146
2023-03-05 16:00:00,37.2171
2023-03-05 17:00:00,47.217533
2023-03-05 18:00:00,34.285515
2023-03-05 19:00:00,19.572914
2023-03-05 20:00:00,23.339096
2023-03-05 21:00:00,8.630427
2023-03-05 22:00:00,-0.90600765
2023-03-05 23:00:00,4.469525
2023-03-06 00:00:00,7.789226
2023-03-06 01:00:00,1.949713
2023-03-06 02:00:00,2.2385218
2023-03-06 03:00:00,4.3820086
2023-03-06 04:00:00,4.2299685
2023-03-06 05:00:00,4.007155
2023-03-06 06:00:00,4.007155
2023-03-06 07:00:00,5.267248
2023-03-06 08:00:00,20.790545
2023-03-06 09:00:00,30.468653
2023-03-06 10:00:00,28.458843
2023-03-06 11:00:00,32.656693
2023-03-06 12:00:00,17.98825
2023-03-06 13:00:00,20.010508
2023-03-06 14:00:00,20.37148
2023-03-06 15:00:00,24.680307
2023-03-06 16:00:00,33.710743
2023-03-06 17:00:00,23.015194
2023-03-06 18:00:00,10.299483
2023-03-06 19:00:00,8.07073
2023-03-06 20:00:00,25.640865
2023-03-06 21:00:00,19.944666
2023-03-06 22:00:00,2.0271761
2023-03-06 23:00:00,-0.0084621655
2023-03-07 00:00:00,3.3101494
2023-03-07 01:00:00,5.107129
2023-03-07 02:00:00,4.9007816
2023-03-07 03:00:00,4.7195506
2023-03-07 04:00:00,4.7195506
2023-03-07 05:00:00,4.7195506
2023-03-07 06:00:00,11.254455
2023-03-07 07:00:00,14.548797
2023-03-07 08:00:00,23.644106
2023-03-07 09:00:00,15.790738
2023-03-07 10:00:00,23.929749
2023-03-07 11:00:00,13.98253
2023-03-07 12:00:00,31.108263
2023-03-07 13:00:00,31.177664
2023-03-07 14:00:00,35.56797
2023-03-07 15:00:00,27.315042
2023-03-07 16:00:00,29.1496
2023-03-07 17:00:00,21.41741
2023-03-07 18:00:00,25.943565
2023-03-07 19:00:00,32.314137
2023-03-07 20:00:00,35.974113
2023-03-07 21:00:00,29.526728
2023-03-07 22:00:00,25.00161
2023-03-07 23:00:00,12.395904
2023-03-08 00:00:00,2.6113865
2023-03-08 01:00:00,2.7124245
2023-03-08 02:00:00,5.298004
2023-03-08 03:00:00,5.7214093
2023-03-08 04:00:00,5.7214093
2023-03-08 05:00:00,5.7214093
2023-03-08 06:00:00,7.694685
2023-03-08 07:00:00,18.400965
2023-03-08 08:00:00,26.368586
2023-03-08 09:00:00,23.12666
2023-03-08 10:00:00,31.170425
2023-03-08 11:00:00,36.16605
2023-03-08 12:00:00,36.919975
2023-03-08 13:00:00,25.348316
2023-03-08 14:00:00,32.11026
2023-03-08 15:00:00,27.150888
2023-03-08 16:00:00,25.119781
2023-03-08 17:00:00,25.417309
2023-03-08 18:00:00,24.311798
2023-03-08 19:00:00,29.100077
2023-03-08 20:00:00,23.226715
2023-03-08 21:00:00,4.5008187
2023-03-08 22:00:00,7.9820004
2023-03-08 23:00:00,9.79561
2023-03-09 00:00:00,7.167307
2023-03-09 01:00:00,5.9075494
2023-03-09 02:00:00,7.8962193
2023-03-09 03:00:00,4.3397593
2023-03-09 04:00:00,3.6897886
2023-03-09 05:00:00,5.3381214
2023-03-09 06:00:00,7.5889654
2023-03-09 07:00:00,9.59808
2023-03-09 08:00:00,20.374428
2023-03-09 09:00:00,42.777924
2023-03-09 10:00:00,51.200245
2023-03-09 11:00:00,41.752686
2023-03-09 12:00:00,25.935966
2023-03-09 13:00:00,25.66635
2023-03-09 14:00:00,20.227806
2023-03-09 15:00:00,29.063364
2023-03-09 16:00:00,30.244541
2023-03-09 17:00:00,16.901876
2023-03-09 18:00:00,19.016459
2023-03-09 19:00:00,42.15472
2023-03-09 20:00:00,26.573
2023-03-09 21:00:00,18.57304
2023-03-09 22:00:00,17.804483
2023-03-09 23:00:00,7.2123113
2023-03-10 00:00:00,2.0792012
2023-03-10 01:00:00,1.7596103
2023-03-10 02:00:00,5.4099016
2023-03-10 03:00:00,6.2711244
2023-03-10 04:00:00,5.587784
2023-03-10 05:00:00,5.587784
2023-03-10 06:00:00,6.500281
2023-03-10 07:00:00,16.40232
2023-03-10 08:00:00,14.291452
2023-03-10 09:00:00,25.86777
2023-03-10 10:00:00,26.138668
2023-03-10 11:00:00,25.87297
2023-03-10 12:00:00,19.920923
2023-03-10 13:00:00,29.778841
2023-03-10 14:00:00,25.027233
2023-03-10 15:00:00,18.572157
2023-03-10 16:00:00,22.821903
2023-03-10 17:00:00,39.07929
2023-03-10 18:00:00,35.056183
2023-03-10 19:00:00,33.827774
2023-03-10 20:00:00,25.366426
2023-03-10 21:00:00,16.47362
2023-03-10 22:00:00,4.81086
2023-03-10 23:00:00,4.1187153
2023-03-11 00:00:00,10.312155
2023-03-11 01:00:00,11.074355
2023-03-11 02:00:00,5.237101
2023-03-11 03:00:00,1.609976
2023-03-11 04:00:00,3.2137673
2023-03-11 05:00:00,4.4602804
2023-03-11 06:00:00,4.2373385
2023-03-11 07:00:00,4.2373385
2023-03-11 08:00:00,7.150315
2023-03-11 09:00:00,17.518847
2023-03-11 10:00:00,22.810692
2023-03-11 11:00:00,38.788296
2023-03-11 12:00:00,42.25956
2023-03-11 13:00:00,25.799974
2023-03-11 14:00:00,16.70758
2023-03-11 15:00:00,30.35603
2023-03-11 16:00:00,43.525192
2023-03-11 17:00:00,29.805706
2023-03-11 18:00:00,17.387138
2023-03-11 19:00:00,22.135712
2023-03-11 20:00:00,11.780194
2023-03-11 21:00:00,9.644228
2023-03-11 22:00:00,2.843387
2023-03-11 23:00:00,1.589829
2023-03-12 00:00:00,12.080562
2023-03-12 01:00:00,13.938929
2023-03-12 02:00:00,11.085822
2023-03-12 03:00:00,10.852872
2023-03-12 04:00:00,5.3372664
2023-03-12 05:00:00,4.558773
2023-03-12 06:00:00,5.9012046
2023-03-12 07:00:00,4.32057
2023-03-12 08:00:00,12.962703
2023-03-12 09:00:00,27.095758
2023-03-12 10:00:00,19.140871
2023-03-12 11:00:00,27.685947
2023-03-12 12:00:00,33.71966
2023-03-12 13:00:00,35.143875
2023-03-12 14:00:00,20.390461
2023-03-12 15:00:00,30.046495
2023-03-12 16:00:00,31.42793
2023-03-12 17:00:00,20.954777
2023-03-12 18:00:00,33.60183
2023-03-12 19:00:00,18.139488
2023-03-12 20:00:00,22.64689
2023-03-12 21:00:00,18.347437
2023-03-12 22:00:00,22.144472
2023-03-12 23:00:00,12.049417
2023-03-13 00:00:00,10.00278
2023-03-13 01:00:00,12.7722225
2023-03-13 02:00:00,2.4209766
2023-03-13 03:00:00,1.2259262
2023-03-13 04:00:00,3.89182
2023-03-13 05:00:00,4.2028017
2023-03-13 06:00:00,4.2720695
2023-03-13 07:00:00,18.118095
2023-03-13 08:00:00,21.087635
2023-03-13 09:00:00,17.280918
2023-03-13 10:00:00,36.80278
2023-03-13 11:00:00,37.447166
2023-03-13 12:00:00,36.04547
2023-03-13 13:00:00,25.554123
2023-03-13 14:00:00,31.68239
2023-03-13 15:00:00,23.061602
2023-03-13 16:00:00,23.96059
2023-03-13 17:00:00,40.73411
2023-03-13 18:00:00,33.650444
2023-03-13 19:00:00,16.189714
2023-03-13 20:00:00,13.294226
2023-03-13 21:00:00,25.195957
2023-03-13 22:00:00,8.589644
2023-03-13 23:00:00,5.535701
2023-03-14 00:00:00,0.034685418
2023-03-14 01:00:00,0.4853697
2023-03-14 02:00:00,2.765493
2023-03-14 03:00:00,2.765493
2023-03-14 04:00:00,3.386296
2023-03-14 05:00:00,4.048703
2023-03-14 06:00:00,3.950368
2023-03-14 07:00:00,6.816492
2023-03-14 08:00:00,10.769547
2023-03-14 09:00:00,28.413094
2023-03-14 10:00:00,39.9486
2023-03-14 11:00:00,41.35717
2023-03-14 12:00:00,30.952301
2023-03-14 13:00:00,29.939949
2023-03-14 14:00:00,28.827768
2023-03-14 15:00:00,36.676186
2023-03-14 16:00:00,23.701908
2023-03-14 17:00:00,18.666998
2023-03-14 18:00:00,31.798471
2023-03-14 19:00:00,34.17465
2023-03-14 20:00:00,25.914673
2023-03-14 21:00:00,18.855745
2023-03-14 22:00:00,1.6945682
2023-03-14 23:00:00,-1.0027828
2023-03-15 00:00:00,6.5252066
2023-03-15 01:00:00,9.514371
2023-03-15 02:00:00,1.9183465
2023-03-15 03:00:00,1.5235925
2023-03-15 04:00:00,4.1662464
2023-03-15 05:00:00,4.1149664
2023-03-15 06:00:00,3.9257658
2023-03-15 07:00:00,10.00852
2023-03-15 08:00:00,26.39315
2023-03-15 09:00:00,30.472227
2023-03-15 10:00:00,40.47386
2023-03-15 11:00:00,38.045776
2023-03-15 12:00:00,38.52912
2023-03-15 13:00:00,43.816628
2023-03-15 14:00:00,35.610527
2023-03-15 15:00:00,32.260567
2023-03-15 16:00:00,30.60394
2023-03-15 17:00:00,37.839664
2023-03-15 18:00:00,40.04962
2023-03-15 19:00:00,26.36418
2023-03-15 20:00:00,18.236668
2023-03-15 21:00:00,8.947937
2023-03-15 22:00:00,6.662023
2023-03-15 23:00:00,7.5475373
2023-03-16 00:00:00,3.2289367
2023-03-16 01:00:00,3.173596
2023-03-16 02:00:00,4.785471
2023-03-16 03:00:00,4.785471
2023-03-16 04:00:00,5.6865
2023-03-16 05:00:00,6.1203313
2023-03-16 06:00:00,5.8416433
2023-03-16 07:00:00,5.724392
2023-03-16 08:00:00,9.710986
2023-03-16 09:00:00,26.372057
2023-03-16 10:00:00,33.092106
2023-03-16 11:00:00,25.262386
2023-03-16 12:00:00,25.423822
2023-03-16 13:00:00,32.707775
2023-03-16 14:00:00,26.315025
2023-03-16 15:00:00,39.47558
2023-03-16 16:00:00,24.701931
2023-03-16 17:00:00,24.335888
2023-03-16 18:00:00,17.340826
2023-03-16 19:00:00,23.150463
2023-03-16 20:00:00,20.394306
2023-03-16 21:00:00,11.254427
2023-03-16 22:00:00,5.2999697
2023-03-16 23:00:00,12.484751
2023-03-17 00:00:00,14.0264015
2023-03-17 01:00:00,7.248019
2023-03-17 02:00:00,4.476131
2023-03-17 03:00:00,5.6595554
2023-03-17 04:00:00,6.5556693
2023-03-17 05:00:00,6.355335
2023-03-17 06:00:00,9.319115
2023-03-17 07:00:00,12.23094
2023-03-17 08:00:00,17.674414
2023-03-17 09:00:00,33.89019
2023-03-17 10:00:00,46.291187
2023-03-17 11:00:00,45.124935
2023-03-17 12:00:00,43.953594
2023-03-17 13:00:00,21.357878
2023-03-17 14:00:00,41.09353
2023-03-17 15:00:00,26.287472
2023-03-17 16:00:00,24.562777
2023-03-17 17:00:00,30.763868
2023-03-17 18:00:00,30.02644
2023-03-17 19:00:00,27.079458
2023-03-17 20:00:00,29.104588
2023-03-17 21:00:00,11.242526
2023-03-17 22:00:00,7.650452
2023-03-17 23:00:00,0.48311594
2023-03-18 00:00:00,0.91858083
2023-03-18 01:00:00,3.2722967
2023-03-18 02:00:00,3.488818
2023-03-18 03:00:00,3.488818
2023-03-18 04:00:00,6.238727
2023-03-18 05:00:00,6.2512417
2023-03-18 06:00:00,3.9072182
2023-03-18 07:00:00,3.9957037
2023-03-18 08:00:00,14.274695
2023-03-18 09:00:00,22.890944
2023-03-18 10:00:00,23.80724
2023-03-18 11:00:00,32.03763
2023-03-18 12:00:00,41.61443
2023-03-18 13:00:00,32.48806
2023-03-18 14:00:00,48.02912
2023-03-18 15:00:00,41.488068
2023-03-18 16:00:00,41.65557
2023-03-18 17:00:00,31.942953
2023-03-18 18:00:00,28.898418
2023-03-18 19:00:00,23.715136
2023-03-18 20:00:00,30.13314
2023-03-18 21:00:00,28.453787
2023-03-18 22:00:00,8.148013
2023-03-18 23:00:00,1.836953
2023-03-19 00:00:00,2.1624997
2023-03-19 01:00:00,3.6322968
2023-03-19 02:00:00,3.1539865
2023-03-19 03:00:00,3.4271379
2023-03-19 04:00:00,7.0475135
2023-03-19 05:00:00,8.660589
2023-03-19 06:00:00,12.470195
2023-03-19 07:00:00,15.334571
2023-03-19 08:00:00,10.776689
2023-03-19 09:00:00,15.921405
2023-03-19 10:00:00,22.503166
2023-03-19 11:00:00,29.098894
2023-03-19 12:00:00,27.200994
2023-03-19 13:00:00,40.880737
2023-03-19 14:00:00,44.98967
2023-03-19 15:00:00,32.13128
2023-03-19 16:00:00,30.663563
2023-03-19 17:00:00,31.613382
2023-03-19 18:00:00,28.341753
2023-03-19 19:00:00,19.721354
2023-03-19 20:00:00,15.68636
2023-03-19 21:00:00,11.585628
2023-03-19 22:00:00,-0.25158423
2023-03-19 23:00:00,-1.2359058
2023-03-20 00:00:00,5.8197637
2023-03-20 01:00:00,7.6204305
2023-03-20 02:00:00,2.1234436
2023-03-20 03:00:00,0.9003203
2023-03-20 04:00:00,3.3793762
2023-03-20 05:00:00,3.8409007
2023-03-20 06:00:00,3.4105556
2023-03-20 07:00:00,5.76837
2023-03-20 08:00:00,9.981569
2023-03-20 09:00:00,42.55612
2023-03-20 10:00:00,32.619514
2023-03-20 11:00:00,44.82295
2023-03-20 12:00:00,37.20477
2023-03-20 13:00:00,37.190926
2023-03-20 14:00:00,34.413395
2023-03-20 15:00:00,27.79432
2023-03-20 16:00:00,40.3336
2023-03-20 17:00:00,35.69411
2023-03-20 18:00:00,42.536858
2023-03-20 19:00:00,31.42439
2023-03-20 20:00:00,19.694946
2023-03-20 21:00:00,2.8970885
2023-03-20 22:00:00,0.3575251
2023-03-20 23:00:00,1.721379
2023-03-21 00:00:00,3.106473
2023-03-21 01:00:00,3.4180605
2023-03-21 02:00:00,3.4180605
2023-03-21 03:00:00,3.4180605
2023-03-21 04:00:00,3.4180605
2023-03-21 05:00:00,3.4180608
2023-03-21 06:00:00,10.171778
2023-03-21 07:00:00,11.849473
2023-03-21 08:00:00,33.60629
2023-03-21 09:00:00,21.38481
2023-03-21 10:00:00,29.338352
2023-03-21 11:00:00,32.942307
2023-03-21 12:00:00,35.4617
2023-03-21 13:00:00,24.218788
2023-03-21 14:00:00,21.618834
2023-03-21 15:00:00,29.271599
2023-03-21 16:00:00,39.18807
2023-03-21 17:00:00,34.33678
2023-03-21 18:00:00,26.432978
2023-03-21 19:00:00,24.427664
2023-03-21 20:00:00,21.856802
2023-03-21 21:00:00,21.923887
2023-03-21 22:00:00,6.196521
2023-03-21 23:00:00,3.161472
2023-03-22 00:00:00,2.5243814
2023-03-22 01:00:00,3.7937188
2023-03-22 02:00:00,4.747213
2023-03-22 03:00:00,5.845243
2023-03-22 04:00:00,5.900738
2023-03-22 05:00:00,8.038568
2023-03-22 06:00:00,12.674209
2023-03-22 07:00:00,14.879561
2023-03-22 08:00:00,24.581057
2023-03-22 09:00:00,27.44601
2023-03-22 10:00:00,23.801298
2023-03-22 11:00:00,31.3801
2023-03-22 12:00:00,32.307205
2023-03-22 13:00:00,43.197414
2023-03-22 14:00:00,36.929195
2023-03-22 15:00:00,31.989883
2023-03-22 16:00:00,32.59616
2023-03-22 17:00:00,18.554218
2023-03-22 18:00:00,16.142395
2023-03-22 19:00:00,17.435965
2023-03-22 20:00:00,14.087611
2023-03-22 21:00:00,12.834137
2023-03-22 22:00:00,5.976237
2023-03-22 23:00:00,11.588147
2023-03-23 00:00:00,3.953764
2023-03-23 01:00:00,2.5282736
2023-03-23 02:00:00,4.995663
2023-03-23 03:00:00,4.995663
2023-03-23 04:00:00,4.995663
2023-03-23 05:00:00,4.995663
2023-03-23 06:00:00,5.8138165
2023-03-23 07:00:00,6.809725
2023-03-23 08:00:00,22.528452
2023-03-23 09:00:00,32.541378
2023-03-23 10:00:00,35.341816
2023-03-23 11:00:00,40.17362
2023-03-23 12:00:00,29.07198
2023-03-23 13:00:00,15.832471
2023-03-23 14:00:00,36.849766
2023-03-23 15:00:00,47.85766
2023-03-23 16:00:00,30.618013
2023-03-23 17:00:00,19.36632
2023-03-23 18:00:00,32.224426
2023-03-23 19:00:00,35.173496
2023-03-23 20:00:00,13.484521
2023-03-23 21:00:00,9.249349
2023-03-23 22:00:00,9.213892
2023-03-23 23:00:00,1.0984904
2023-03-24 00:00:00,0.6562461
2023-03-24 01:00:00,3.3118424
2023-03-24 02:00:00,3.428004
2023-03-24 03:00:00,3.428004
2023-03-24 04:00:00,4.2753515
2023-03-24 05:00:00,4.658314
2023-03-24 06:00:00,4.389515
2023-03-24 07:00:00,5.8820305
2023-03-24 08:00:00,14.949172
2023-03-24 09:00:00,29.165966
2023-03-24 10:00:00,31.562372
2023-03-24 11:00:00,35.749672
2023-03-24 12:00:00,29.079319
2023-03-24 13:00:00,35.59404
2023-03-24 14:00:00,41.781773
2023-03-24 15:00:00,29.719595
2023-03-24 16:00:00,27.556091
2023-03-24 17:00:00,23.42168
2023-03-24 18:00:00,33.738483
2023-03-24 19:00:00,23.412878
2023-03-24 20:00:00,16.510489
2023-03-24 21:00:00,10.20149
2023-03-24 22:00:00,4.9892397
2023-03-24 23:00:00,2.4384446
2023-03-25 00:00:00,3.8348212
2023-03-25 01:00:00,5.073196
2023-03-25 02:00:00,5.073196
2023-03-25 03:00:00,5.073196
2023-03-25 04:00:00,5.073196
2023-03-25 05:00:00,5.0731964
2023-03-25 06:00:00,8.582673
2023-03-25 07:00:00,15.45858
2023-03-25 08:00:00,8.739704
2023-03-25 09:00:00,7.8301578
2023-03-25 10:00:00,25.111002
2023-03-25 11:00:00,38.73765
2023-03-25 12:00:00,37.670277
2023-03-25 13:00:00,20.517113
2023-03-25 14:00:00,26.7477
2023-03-25 15:00:00,36.950222
2023-03-25 16:00:00,17.926462
2023-03-25 17:00:00,26.368813
2023-03-25 18:00:00,18.900692
2023-03-25 19:00:00,30.220623
2023-03-25 20:00:00,19.974598
2023-03-25 21:00:00,20.242939
2023-03-25 22:00:00,11.898516
2023-03-25 23:00:00,0.96637756
2023-03-26 00:00:00,-0.86929655
2023-03-26 01:00:00,1.6608765
2023-03-26 02:00:00,3.1120844
2023-03-26 03:00:00,4.010704
2023-03-26 04:00:00,3.9779577
2023-03-26 05:00:00,3.6767387
2023-03-26 06:00:00,7.659639
2023-03-26 07:00:00,11.337835
2023-03-26 08:00:00,16.5706
2023-03-26 09:00:00,23.447683
2023-03-26 10:00:00,33.22884
2023-03-26 11:00:00,30.284323
2023-03-26 12:00:00,28.744535
2023-03-26 13:00:00,34.556084
2023-03-26 14:00:00,25.04757
2023-03-26 15:00:00,28.28821
2023-03-26 16:00:00,18.983877
2023-03-26 17:00:00,19.439276
2023-03-26 18:00:00,19.772196
2023-03-26 19:00:00,12.603647
2023-03-26 20:00:00,27.459541
2023-03-26 21:00:00,28.629591
2023-03-26 22:00:00,8.289383
2023-03-26 23:00:00,-0.3517277
2023-03-27 00:00:00,0.41648093
2023-03-27 01:00:00,3.4677112
2023-03-27 02:00:00,3.5751882
2023-03-27 03:00:00,3.5751882
2023-03-27 04:00:00,3.5751882
2023-03-27 05:00:00,3.5751882
2023-03-27 06:00:00,11.669771
2023-03-27 07:00:00,11.175114
2023-03-27 08:00:00,4.202674
2023-03-27 09:00:00,13.157922
2023-03-27 10:00:00,15.411
2023-03-27 11:00:00,8.480782
2023-03-27 12:00:00,8.178031
2023-03-27 13:00:00,32.727966
2023-03-27 14:00:00,26.265596
2023-03-27 15:00:00,20.526155
2023-03-27 16:00:00,19.395409
2023-03-27 17:00:00,15.625438
2023-03-27 18:00:00,11.824406
2023-03-27 19:00:00,18.118814
2023-03-27 20:00:00,9.916306
2023-03-27 21:00:00,9.404876
2023-03-27 22:00:00,0.3747667
2023-03-27 23:00:00,0.029647974
2023-03-28 00:00:00,2.980184
2023-03-28 01:00:00,2.980184
2023-03-28 02:00:00,2.980184
2023-03-28 03:00:00,2.980184
2023-03-28 04:00:00,2.980184
2023-03-28 05:00:00,5.4630632
2023-03-28 06:00:00,10.926982
2023-03-28 07:00:00,10.409929
2023-03-28 08:00:00,11.620144
2023-03-28 09:00:00,21.1315
2023-03-28 10:00:00,20.058249
2023-03-28 11:00:00,18.67747
2023-03-28 12:00:00,34.00882
2023-03-28 13:00:00,24.977045
2023-03-28 14:00:00,12.948376
2023-03-28 15:00:00,22.897852
2023-03-28 16:00:00,28.929922
2023-03-28 17:00:00,27.35117
2023-03-28 18:00:00,12.963181
2023-03-28 19:00:00,17.12712
2023-03-28 20:00:00,17.596098
2023-03-28 21:00:00,13.924372
2023-03-28 22:00:00,14.710215
2023-03-28 23:00:00,9.077633
2023-03-29 00:00:00,4.2911963
2023-03-29 01:00:00,1.9782952
2023-03-29 02:00:00,3.1255414
2023-03-29 03:00:00,4.269158
2023-03-29 04:00:00,4.8083715
2023-03-29 05:00:00,5.5655937
2023-03-29 06:00:00,5.0727587
2023-03-29 07:00:00,6.2379127
2023-03-29 08:00:00,18.196344
2023-03-29 09:00:00,41.38581
2023-03-29 10:00:00,38.141888
2023-03-29 11:00:00,30.46874
2023-03-29 12:00:00,42.78871
2023-03-29 13:00:00,26.436493
2023-03-29 14:00:00,22.815374
2023-03-29 15:00:00,32.03423
2023-03-29 16:00:00,34.758244
2023-03-29 17:00:00,41.73994
2023-03-29 18:00:00,26.434015
2023-03-29 19:00:00,26.160278
2023-03-29 20:00:00,31.385263
2023-03-29 21:00:00,11.411693
2023-03-29 22:00:00,4.391147
2023-03-29 23:00:00,9.754634
2023-03-30 00:00:00,4.2177477
2023-03-30 01:00:00,0.5252055
2023-03-30 02:00:00,2.3963516
2023-03-30 03:00:00,3.204699
2023-03-30 04:00:00,3.2799447
2023-03-30 05:00:00,4.713946
2023-03-30 06:00:00,4.8573556
2023-03-30 07:00:00,19.820028
2023-03-30 08:00:00,15.882341
2023-03-30 09:00:00,16.2468
2023-03-30 10:00:00,13.784118
2023-03-30 11:00:00,35.62662
2023-03-30 12:00:00,34.599995
2023-03-30 13:00:00,24.047453
2023-03-30 14:00:00,28.934532
2023-03-30 15:00:00,32.18167
2023-03-30 16:00:00,22.413631
2023-03-30 17:00:00,15.152429
2023-03-30 18:00:00,15.2985325
2023-03-30 19:00:00,18.31706
2023-03-30 20:00:00,20.53695
2023-03-30 21:00:00,8.544324
2023-03-30 22:00:00,1.9948684
2023-03-30 23:00:00,14.679793
2023-03-31 00:00:00,15.173816
2023-03-31 01:00:00,2.8577936
2023-03-31 02:00:00,-0.73362905
2023-03-31 03:00:00,3.7281141
2023-03-31 04:00:00,13.727187
2023-03-31 05:00:00,8.082066
2023-03-31 06:00:00,8.995173
2023-03-31 07:00:00,12.645834
2023-03-31 08:00:00,18.909132
2023-03-31 09:00:00,15.556454
2023-03-31 10:00:00,28.064514
2023-03-31 11:00:00,26.094904
2023-03-31 12:00:00,25.042631
2023-03-31 13:00:00,23.996597
2023-03-31 14:00:00,9.032717
2023-03-31 15:00:00,10.5860815
2023-03-31 16:00:00,19.829708
2023-03-31 17:00:00,13.771566
2023-03-31 18:00:00,17.364477
2023-03-31 19:00:00,36.14693
2023-03-31 20:00:00,35.77917
2023-03-31 21:00:00,17.14769
2023-03-31 22:00:00,10.135444
2023-03-31 23:00:00,6.5691833
2023-04-01 00:00:00,2.512652
2023-04-01 01:00:00,3.4556377
2023-04-01 02:00:00,5.1384087
2023-04-01 03:00:00,5.1384087
2023-04-01 04:00:00,5.1384087
2023-04-01 05:00:00,5.1384087
2023-04-01 06:00:00,7.0769525
2023-04-01 07:00:00,12.096783
2023-04-01 08:00:00,13.139494
2023-04-01 09:00:00,25.286457
2023-04-01 10:00:00,34.50095
2023-04-01 11:00:00,37.781506
2023-04-01 12:00:00,34.666878
2023-04-01 13:00:00,36.43527
2023-04-01 14:00:00,27.421576
2023-04-01 15:00:00,30.504662
2023-04-01 16:00:00,36.188484
2023-04-01 17:00:00,24.836914
2023-04-01 18:00:00,40.172516
2023-04-01 19:00:00,26.500769
2023-04-01 20:00:00,14.093888
2023-04-01 21:00:00,13.091817
2023-04-01 22:00:00,10.896017
2023-04-01 23:00:00,5.198617
2023-04-02 00:00:00,10.00441
2023-04-02 01:00:00,3.312853
2023-04-02 02:00:00,1.2118019
2023-04-02 03:00:00,9.405138
2023-04-02 04:00:00,4.347238
2023-04-02 05:00:00,3.8739715
2023-04-02 06:00:00,9.457694
2023-04-02 07:00:00,3.6066267
2023-04-02 08:00:00,11.0617485
2023-04-02 09:00:00,33.609753
2023-04-02 10:00:00,31.618965
2023-04-02 11:00:00,29.854822
2023-04-02 12:00:00,23.762941
2023-04-02 13:00:00,27.977625
2023-04-02 14:00:00,43.146976
2023-04-02 15:00:00,39.655315
2023-04-02 16:00:00,38.58438
2023-04-02 17:00:00,17.180279
2023-04-02 18:00:00,17.62763
2023-04-02 19:00:00,14.694965
2023-04-02 20:00:00,15.689964
2023-04-02 21:00:00,17.806211
2023-04-02 22:00:00,12.158926
2023-04-02 23:00:00,5.7255354
2023-04-03 00:00:00,0.16999145
2023-04-03 01:00:00,1.2599198
2023-04-03 02:00:00,3.3458703
2023-04-03 03:00:00,3.3458703
2023-04-03 04:00:00,3.3458703
2023-04-03 05:00:00,3.3458703
2023-04-03 06:00:00,3.3458703
2023-04-03 07:00:00,6.8478217
2023-04-03 08:00:00,26.742065
2023-04-03 09:00:00,29.271929
2023-04-03 10:00:00,36.106533
2023-04-03 11:00:00,37.064716
2023-04-03 12:00:00,36.01835
2023-04-03 13:00:00,29.0369
2023-04-03 14:00:00,27.876535
2023-04-03 15:00:00,22.584446
2023-04-03 16:00:00,27.513712
2023-04-03 17:00:00,20.490625
2023-04-03 18:00:00,36.31808
2023-04-03 19:00:00,27.79418
2023-04-03 20:00:00,15.095595
2023-04-03 21:00:00,9.195222
2023-04-03 22:00:00,3.9519236
2023-04-03 23:00:00,0.0056971107
2023-04-04 00:00:00,1.1811787
2023-04-04 01:00:00,2.9413872
2023-04-04 02:00:00,2.9413872
2023-04-04 03:00:00,2.9413872
2023-04-04 04:00:00,2.9413872
2023-04-04 05:00:00,4.126937
2023-04-04 06:00:00,4.7820883
2023-04-04 07:00:00,6.587889
2023-04-04 08:00:00,30.21082
2023-04-04 09:00:00,13.6067095
2023-04-04 10:00:00,9.496416
2023-04-04 11:00:00,11.1973715
2023-04-04 12:00:00,18.582315
2023-04-04 13:00:00,34.537273
2023-04-04 14:00:00,32.92493
2023-04-04 15:00:00,17.425377
2023-04-04 16:00:00,28.50329
2023-04-04 17:00:00,42.171745
2023-04-04 18:00:00,29.0872
2023-04-04 19:00:00,30.091574
2023-04-04 20:00:00,25.696653
2023-04-04 21:00:00,10.2637005
2023-04-04 22:00:00,7.0170245
2023-04-04 23:00:00,4.2340198
2023-04-05 00:00:00,8.661879
2023-04-05 01:00:00,10.251019
2023-04-05 02:00:00,7.60857
2023-04-05 03:00:00,4.5706353
2023-04-05 04:00:00,4.9004097
2023-04-05 05:00:00,5.81027
2023-04-05 06:00:00,10.316863
2023-04-05 07:00:00,20.062786
2023-04-05 08:00:00,30.543484
2023-04-05 09:00:00,27.858011
2023-04-05 10:00:00,42.769928
2023-04-05 11:00:00,45.920094
2023-04-05 12:00:00,40.588703
2023-04-05 13:00:00,34.579357
2023-04-05 14:00:00,34.850864
2023-04-05 15:00:00,32.627018
2023-04-05 16:00:00,29.444859
2023-04-05 17:00:00,16.753347
2023-04-05 18:00:00,16.534044
2023-04-05 19:00:00,29.219955
2023-04-05 20:00:00,18.890354
2023-04-05 21:00:00,11.50001
2023-04-05 22:00:00,18.06525
2023-04-05 23:00:00,4.2843027
2023-04-06 00:00:00,-0.19603883
2023-04-06 01:00:00,2.029151
2023-04-06 02:00:00,3.5626361
2023-04-06 03:00:00,3.5626361
2023-04-06 04:00:00,3.5626361
2023-04-06 05:00:00,3.5626373
2023-04-06 06:00:00,4.4235196
2023-04-06 07:00:00,15.423962
2023-04-06 08:00:00,21.903168
2023-04-06 09:00:00,35.696247
2023-04-06 10:00:00,39.405018
2023-04-06 11:00:00,33.80224
2023-04-06 12:00:00,42.46171
2023-04-06 13:00:00,35.28106
2023-04-06 14:00:00,33.592068
2023-04-06 15:00:00,43.91427
2023-04-06 16:00:00,24.325523
2023-04-06 17:00:00,28.257698
2023-04-06 18:00:00,34.206253
2023-04-06 19:00:00,49.030594
2023-04-06 20:00:00,32.651443
2023-04-06 21:00:00,13.407891
2023-04-06 22:00:00,2.2861254
2023-04-06 23:00:00,-0.509332
2023-04-07 00:00:00,2.0876117
2023-04-07 01:00:00,3.3288052
2023-04-07 02:00:00,3.3288052
2023-04-07 03:00:00,3.3288052
2023-04-07 04:00:00,4.316746
2023-04-07 05:00:00,4.546301
2023-04-07 06:00:00,9.896073
2023-04-07 07:00:00,19.065544
2023-04-07 08:00:00,33.920486
2023-04-07 09:00:00,28.920406
2023-04-07 10:00:00,29.500507
2023-04-07 11:00:00,35.182095
2023-04-07 12:00:00,50.443104
2023-04-07 13:00:00,39.27839
2023-04-07 14:00:00,35.980602
2023-04-07 15:00:00,21.267628
2023-04-07 16:00:00,40.474323
2023-04-07 17:00:00,43.407814
2023-04-07 18:00:00,52.01659
2023-04-07 19:00:00,55.286716
2023-04-07 20:00:00,43.639767
2023-04-07 21:00:00,20.586477
2023-04-07 22:00:00,6.979814
2023-04-07 23:00:00,3.687188
2023-04-08 00:00:00,6.6632295
2023-04-08 01:00:00,4.6837215
2023-04-08 02:00:00,0.6138958
2023-04-08 03:00:00,1.2880996
2023-04-08 04:00:00,2.4693491
2023-04-08 05:00:00,2.4693491
2023-04-08 06:00:00,2.496914
2023-04-08 07:00:00,9.952839
2023-04-08 08:00:00,27.271776
2023-04-08 09:00:00,36.827984
2023-04-08 10:00:00,18.575035
2023-04-08 11:00:00,41.712776
2023-04-08 12:00:00,48.50929
2023-04-08 13:00:00,34.632324
2023-04-08 14:00:00,42.451477
2023-04-08 15:00:00,24.839306
2023-04-08 16:00:00,20.840227
2023-04-08 17:00:00,19.180058
2023-04-08 18:00:00,21.631868
2023-04-08 19:00:00,19.126642
2023-04-08 20:00:00,24.551203
2023-04-08 21:00:00,25.664211
2023-04-08 22:00:00,16.381903
2023-04-08 23:00:00,0.5866295
2023-04-09 00:00:00,-1.5327215
2023-04-09 01:00:00,3.9886866
2023-04-09 02:00:00,2.8868194
2023-04-09 03:00:00,1.7635324
2023-04-09 04:00:00,5.1084447
2023-04-09 05:00:00,5.3232307
2023-04-09 06:00:00,4.4721317
2023-04-09 07:00:00,4.4721317
2023-04-09 08:00:00,7.772259
2023-04-09 09:00:00,19.025818
2023-04-09 10:00:00,13.264364
2023-04-09 11:00:00,27.21249
2023-04-09 12:00:00,44.231026
2023-04-09 13:00:00,35.50829
2023-04-09 14:00:00,30.50613
2023-04-09 15:00:00,35.52223
2023-04-09 16:00:00,24.550009
2023-04-09 17:00:00,15.879452
2023-04-09 18:00:00,14.962838
2023-04-09 19:00:00,24.010403
2023-04-09 20:00:00,23.660585
2023-04-09 21:00:00,25.223555
2023-04-09 22:00:00,2.2791383
2023-04-09 23:00:00,1.6701409
2023-04-10 00:00:00,6.1572657
2023-04-10 01:00:00,8.505675
2023-04-10 02:00:00,7.816772
2023-04-10 03:00:00,7.317493
2023-04-10 04:00:00,3.7799695
2023-04-10 05:00:00,3.8318737
2023-04-10 06:00:00,4.977289
2023-04-10 07:00:00,14.025743
2023-04-10 08:00:00,36.6574
2023-04-10 09:00:00,28.187159
2023-04-10 10:00:00,44.61294
2023-04-10 11:00:00,33.561546
2023-04-10 12:00:00,27.926247
2023-04-10 13:00:00,23.852098
2023-04-10 14:00:00,20.457891
2023-04-10 15:00:00,31.954872
2023-04-10 16:00:00,14.80645
2023-04-10 17:00:00,20.761816
2023-04-10 18:00:00,28.269875
2023-04-10 19:00:00,22.111986
2023-04-10 20:00:00,18.407417
2023-04-10 21:00:00,16.407639
2023-04-10 22:00:00,6.1901298
2023-04-10 23:00:00,2.4711783
2023-04-11 00:00:00,4.2784705
2023-04-11 01:00:00,5.7840905
2023-04-11 02:00:00,5.7840905
2023-04-11 03:00:00,5.7840905
2023-04-11 04:00:00,5.7840905
2023-04-11 05:00:00,5.7840905
2023-04-11 06:00:00,5.7840905
2023-04-11 07:00:00,10.397967
2023-04-11 08:00:00,28.607264
2023-04-11 09:00:00,27.820726
2023-04-11 10:00:00,32.07846
2023-04-11 11:00:00,35.872864
2023-04-11 12:00:00,48.829563
2023-04-11 13:00:00,36.519535
2023-04-11 14:00:00,39.89905
2023-04-11 15:00:00,18.222132
2023-04-11 16:00:00,18.2798
2023-04-11 17:00:00,20.63905
2023-04-11 18:00:00,32.91241
2023-04-11 19:00:00,44.973293
2023-04-11 20:00:00,27.795473
2023-04-11 21:00:00,24.400433
2023-04-11 22:00:00,25.091331
2023-04-11 23:00:00,22.537828
2023-04-12 00:00:00,10.525457
2023-04-12 01:00:00,2.6424189
2023-04-12 02:00:00,2.6384332
2023-04-12 03:00:00,6.279525
2023-04-12 04:00:00,7.2201786
2023-04-12 05:00:00,6.796062
2023-04-12 06:00:00,15.10456
2023-04-12 07:00:00,21.870539
2023-04-12 08:00:00,33.41662
2023-04-12 09:00:00,16.360006
2023-04-12 10:00:00,38.308796
2023-04-12 11:00:00,35.980526
2023-04-12 12:00:00,33.99625
2023-04-12 13:00:00,26.688047
2023-04-12 14:00:00,31.890553
2023-04-12 15:00:00,29.20049
2023-04-12 16:00:00,25.66986
2023-04-12 17:00:00,21.661144
2023-04-12 18:00:00,34.694397
2023-04-12 19:00:00,46.684883
2023-04-12 20:00:00,43.6284
2023-04-12 21:00:00,32.037052
2023-04-12 22:00:00,10.919316
2023-04-12 23:00:00,1.5397326
2023-04-13 00:00:00,-0.17434834
2023-04-13 01:00:00,2.6677256
2023-04-13 02:00:00,3.4645407
2023-04-13 03:00:00,3.4645407
2023-04-13 04:00:00,3.4645407
2023-04-13 05:00:00,3.4645407
2023-04-13 06:00:00,3.4645407
2023-04-13 07:00:00,9.698237
2023-04-13 08:00:00,26.18958
2023-04-13 09:00:00,36.962708
2023-04-13 10:00:00,45.71724
2023-04-13 11:00:00,47.97335
2023-04-13 12:00:00,44.102997
2023-04-13 13:00:00,45.871853
2023-04-13 14:00:00,26.598118
2023-04-13 15:00:00,26.52481
2023-04-13 16:00:00,19.316929
2023-04-13 17:00:00,24.902962
2023-04-13 18:00:00,20.270329
2023-04-13 19:00:00,45.930363
2023-04-13 20:00:00,35.469856
2023-04-13 21:00:00,15.996842
2023-04-13 22:00:00,9.470651
2023-04-13 23:00:00,0.68111694
2023-04-14 00:00:00,1.2361791
2023-04-14 01:00:00,3.7905345
2023-04-14 02:00:00,4.067966
2023-04-14 03:00:00,4.067966
2023-04-14 04:00:00,4.067966
2023-04-14 05:00:00,4.067967
2023-04-14 06:00:00,4.379662
2023-04-14 07:00:00,9.615641
2023-04-14 08:00:00,20.611784
2023-04-14 09:00:00,22.771141
2023-04-14 10:00:00,23.511215
2023-04-14 11:00:00,20.772066
2023-04-14 12:00:00,18.905985
2023-04-14 13:00:00,46.830013
2023-04-14 14:00:00,29.35898
2023-04-14 15:00:00,26.762938
2023-04-14 16:00:00,29.317303
2023-04-14 17:00:00,24.206583
2023-04-14 18:00:00,18.377468
2023-04-14 19:00:00,24.027733
2023-04-14 20:00:00,24.988815
2023-04-14 21:00:00,10.569682
2023-04-14 22:00:00,4.1497393
2023-04-14 23:00:00,6.5073886
2023-04-15 00:00:00,6.6783075
2023-04-15 01:00:00,2.0658016
2023-04-15 02:00:00,2.2487726
2023-04-15 03:00:00,3.6387074
2023-04-15 04:00:00,3.6405158
2023-04-15 05:00:00,4.286053
2023-04-15 06:00:00,5.0475125
2023-04-15 07:00:00,4.8926606
2023-04-15 08:00:00,9.479878
2023-04-15 09:00:00,28.253857
2023-04-15 10:00:00,36.78792
2023-04-15 11:00:00,25.807686
2023-04-15 12:00:00,36.276398
2023-04-15 13:00:00,46.253857
2023-04-15 14:00:00,34.59162
2023-04-15 15:00:00,44.155262
2023-04-15 16:00:00,37.162964
2023-04-15 17:00:00,27.299576
2023-04-15 18:00:00,40.913044
2023-04-15 19:00:00,36.907856
2023-04-15 20:00:00,33.6218
2023-04-15 21:00:00,33.571587
2023-04-15 22:00:00,20.670135
2023-04-15 23:00:00,3.8071702
2023-04-16 00:00:00,0.6238594
2023-04-16 01:00:00,11.760441
2023-04-16 02:00:00,13.941698
2023-04-16 03:00:00,2.2240846
2023-04-16 04:00:00,1.9156145
2023-04-16 05:00:00,4.3548727
2023-04-16 06:00:00,4.3548727
2023-04-16 07:00:00,4.3548727
2023-04-16 08:00:00,14.46917
2023-04-16 09:00:00,23.565878
2023-04-16 10:00:00,37.54968
2023-04-16 11:00:00,39.29325
2023-04-16 12:00:00,33.07712
2023-04-16 13:00:00,36.281963
2023-04-16 14:00:00,48.825516
2023-04-16 15:00:00,33.617706
2023-04-16 16:00:00,32.04662
2023-04-16 17:00:00,30.858492
2023-04-16 18:00:00,29.78088
2023-04-16 19:00:00,28.570496
2023-04-16 20:00:00,26.960817
2023-04-16 21:00:00,19.505108
2023-04-16 22:00:00,4.48637
2023-04-16 23:00:00,0.39548367
2023-04-17 00:00:00,3.344202
2023-04-17 01:00:00,8.571231
2023-04-17 02:00:00,2.786539
2023-04-17 03:00:00,1.519473
2023-04-17 04:00:00,5.054515
2023-04-17 05:00:00,5.1596313
2023-04-17 06:00:00,4.553402
2023-04-17 07:00:00,14.650874
2023-04-17 08:00:00,34.767616
2023-04-17 09:00:00,32.916378
2023-04-17 10:00:00,40.831028
2023-04-17 11:00:00,39.747528
2023-04-17 12:00:00,39.708973
2023-04-17 13:00:00,32.237408
2023-04-17 14:00:00,41.972214
2023-04-17 15:00:00,26.586721
2023-04-17 16:00:00,16.790434
2023-04-17 17:00:00,30.301277
2023-04-17 18:00:00,22.697023
2023-04-17 19:00:00,16.528337
2023-04-17 20:00:00,20.33936
2023-04-17 21:00:00,12.279968
2023-04-17 22:00:00,5.251251
2023-04-17 23:00:00,1.4112723
2023-04-18 00:00:00,2.8885326
2023-04-18 01:00:00,4.512921
2023-04-18 02:00:00,4.512921
2023-04-18 03:00:00,4.512921
2023-04-18 04:00:00,4.512921
2023-04-18 05:00:00,4.5129204
2023-04-18 06:00:00,5.158863
2023-04-18 07:00:00,8.476565
2023-04-18 08:00:00,33.86368
2023-04-18 09:00:00,24.64221
2023-04-18 10:00:00,40.25407
2023-04-18 11:00:00,54.687023
2023-04-18 12:00:00,48.52039
2023-04-18 13:00:00,28.452305
2023-04-18 14:00:00,27.830187
2023-04-18 15:00:00,14.841781
2023-04-18 16:00:00,22.61388
2023-04-18 17:00:00,35.70167
2023-04-18 18:00:00,34.081608
2023-04-18 19:00:00,35.442966
2023-04-18 20:00:00,21.004911
2023-04-18 21:00:00,14.820125
2023-04-18 22:00:00,2.4200325
2023-04-18 23:00:00,-1.697243
2023-04-19 00:00:00,0.39858612
2023-04-19 01:00:00,2.268573
2023-04-19 02:00:00,2.268573
2023-04-19 03:00:00,2.268573
2023-04-19 04:00:00,2.268573
2023-04-19 05:00:00,3.706904
2023-04-19 06:00:00,10.895329
2023-04-19 07:00:00,21.11768
2023-04-19 08:00:00,31.093761
2023-04-19 09:00:00,28.301468
2023-04-19 10:00:00,46.420956
2023-04-19 11:00:00,43.355484
2023-04-19 12:00:00,25.045908
2023-04-19 13:00:00,19.455366
2023-04-19 14:00:00,32.661465
2023-04-19 15:00:00,20.775408
2023-04-19 16:00:00,26.747168
2023-04-19 17:00:00,12.228195
2023-04-19 18:00:00,18.53617
2023-04-19 19:00:00,18.4068
2023-04-19 20:00:00,5.340241
2023-04-19 21:00:00,0.23853105
2023-04-19 22:00:00,8.239686
2023-04-19 23:00:00,5.8432555
2023-04-20 00:00:00,0.9997772
2023-04-20 01:00:00,2.1168592
2023-04-20 02:00:00,2.9877155
2023-04-20 03:00:00,2.9877155
2023-04-20 04:00:00,2.9877155
2023-04-20 05:00:00,2.9877155
2023-04-20 06:00:00,3.1597762
2023-04-20 07:00:00,19.038193
2023-04-20 08:00:00,32.235924
2023-04-20 09:00:00,32.75374
2023-04-20 10:00:00,30.777472
2023-04-20 11:00:00,31.090643
2023-04-20 12:00:00,32.793
2023-04-20 13:00:00,33.546124
2023-04-20 14:00:00,30.784752
2023-04-20 15:00:00,26.449305
2023-04-20 16:00:00,29.974724
2023-04-20 17:00:00,19.487013
2023-04-20 18:00:00,32.71663
2023-04-20 19:00:00,30.911219
2023-04-20 20:00:00,21.402048
2023-04-20 21:00:00,14.316655
2023-04-20 22:00:00,8.437164
2023-04-20 23:00:00,5.867813
2023-04-21 00:00:00,1.0491153
2023-04-21 01:00:00,6.161973
2023-04-21 02:00:00,8.699295
2023-04-21 03:00:00,5.460608
2023-04-21 04:00:00,2.3886635
2023-04-21 05:00:00,2.6084528
2023-04-21 06:00:00,3.5863066
2023-04-21 07:00:00,5.8608255
2023-04-21 08:00:00,26.341368
2023-04-21 09:00:00,15.14338
2023-04-21 10:00:00,22.962744
2023-04-21 11:00:00,27.212452
2023-04-21 12:00:00,25.729631
2023-04-21 13:00:00,32.243828
2023-04-21 14:00:00,29.487093
2023-04-21 15:00:00,40.093235
2023-04-21 16:00:00,36.32101
2023-04-21 17:00:00,42.963856
2023-04-21 18:00:00,31.325724
2023-04-21 19:00:00,27.753155
2023-04-21 20:00:00,31.09563
2023-04-21 21:00:00,19.989311
2023-04-21 22:00:00,15.413245
2023-04-21 23:00:00,11.915209
2023-04-22 00:00:00,1.9942443
2023-04-22 01:00:00,-0.50781626
2023-04-22 02:00:00,1.7448934
2023-04-22 03:00:00,2.9221983
2023-04-22 04:00:00,2.9221983
2023-04-22 05:00:00,2.9221983
2023-04-22 06:00:00,3.6422467
2023-04-22 07:00:00,4.0448523
2023-04-22 08:00:00,5.5960245
2023-04-22 09:00:00,24.654163
2023-04-22 10:00:00,45.61411
2023-04-22 11:00:00,29.30865
2023-04-22 12:00:00,28.879053
2023-04-22 13:00:00,31.893087
2023-04-22 14:00:00,37.185257
2023-04-22 15:00:00,29.595758
2023-04-22 16:00:00,26.368011
2023-04-22 17:00:00,21.571602
2023-04-22 18:00:00,17.2675
2023-04-22 19:00:00,17.6889
2023-04-22 20:00:00,21.895224
2023-04-22 21:00:00,15.246022
2023-04-22 22:00:00,3.099237
2023-04-22 23:00:00,2.848351
2023-04-23 00:00:00,5.2168455
2023-04-23 01:00:00,1.8625932
2023-04-23 02:00:00,1.4850332
2023-04-23 03:00:00,2.7803335
2023-04-23 04:00:00,6.0415287
2023-04-23 05:00:00,12.455462
2023-04-23 06:00:00,11.431308
2023-04-23 07:00:00,6.7962976
2023-04-23 08:00:00,10.45432
2023-04-23 09:00:00,44.23249
2023-04-23 10:00:00,42.37525
2023-04-23 11:00:00,34.601166
2023-04-23 12:00:00,42.869835
2023-04-23 13:00:00,59.244488
2023-04-23 14:00:00,60.897747
2023-04-23 15:00:00,55.106403
2023-04-23 16:00:00,43.845303
2023-04-23 17:00:00,23.953762
2023-04-23 18:00:00,30.862064
2023-04-23 19:00:00,19.756832
2023-04-23 20:00:00,24.923279
2023-04-23 21:00:00,13.44388
2023-04-23 22:00:00,6.871952
2023-04-23 23:00:00,6.829382
2023-04-24 00:00:00,1.1598774
2023-04-24 01:00:00,1.0843693
2023-04-24 02:00:00,4.795102
2023-04-24 03:00:00,4.677681
2023-04-24 04:00:00,2.9552584
2023-04-24 05:00:00,2.912119
2023-04-24 06:00:00,3.3190076
2023-04-24 07:00:00,5.920689
2023-04-24 08:00:00,26.107105
2023-04-24 09:00:00,41.49119
2023-04-24 10:00:00,33.772194
2023-04-24 11:00:00,40.389385
2023-04-24 12:00:00,35.967495
2023-04-24 13:00:00,37.553795
2023-04-24 14:00:00,33.401905
2023-04-24 15:00:00,28.571163
2023-04-24 16:00:00,27.655178
2023-04-24 17:00:00,37.40054
2023-04-24 18:00:00,33.407154
2023-04-24 19:00:00,29.984644
2023-04-24 20:00:00,38.96449
2023-04-24 21:00:00,28.606867
2023-04-24 22:00:00,17.422663
2023-04-24 23:00:00,4.198744
2023-04-25 00:00:00,9.950046
2023-04-25 01:00:00,6.809275
2023-04-25 02:00:00,2.576745
2023-04-25 03:00:00,3.816527
2023-04-25 04:00:00,4.8392043
2023-04-25 05:00:00,4.8392043
2023-04-25 06:00:00,5.309332
2023-04-25 07:00:00,12.769701
2023-04-25 08:00:00,24.488768
2023-04-25 09:00:00,14.490419
2023-04-25 10:00:00,37.78561
2023-04-25 11:00:00,28.701677
2023-04-25 12:00:00,28.672358
2023-04-25 13:00:00,30.664017
2023-04-25 14:00:00,22.016256
2023-04-25 15:00:00,15.232386
2023-04-25 16:00:00,19.649298
2023-04-25 17:00:00,19.312843
2023-04-25 18:00:00,35.446617
2023-04-25 19:00:00,25.929314
2023-04-25 20:00:00,11.147036
2023-04-25 21:00:00,14.010836
2023-04-25 22:00:00,15.787441
2023-04-25 23:00:00,11.402372
2023-04-26 00:00:00,-0.21393332
2023-04-26 01:00:00,0.28666013
2023-04-26 02:00:00,3.4396274
2023-04-26 03:00:00,3.4396274
2023-04-26 04:00:00,3.4396274
2023-04-26 05:00:00,3.4396276
2023-04-26 06:00:00,3.7374096
2023-04-26 07:00:00,9.03436
2023-04-26 08:00:00,32.75882
2023-04-26 09:00:00,42.75616
2023-04-26 10:00:00,32.88352
2023-04-26 11:00:00,42.83409
2023-04-26 12:00:00,46.786896
2023-04-26 13:00:00,34.711987
2023-04-26 14:00:00,32.439434
2023-04-26 15:00:00,38.357082
2023-04-26 16:00:00,35.72035
2023-04-26 17:00:00,17.199968
2023-04-26 18:00:00,21.947718
2023-04-26 19:00:00,28.341192
2023-04-26 20:00:00,19.028278
2023-04-26 21:00:00,14.346044
2023-04-26 22:00:00,2.8916042
2023-04-26 23:00:00,0.6597368
2023-04-27 00:00:00,3.5431545
2023-04-27 01:00:00,4.786995
2023-04-27 02:00:00,4.588614
2023-04-27 03:00:00,4.588614
2023-04-27 04:00:00,4.588614
2023-04-27 05:00:00,4.588614
2023-04-27 06:00:00,3.547345
2023-04-27 07:00:00,12.052052
2023-04-27 08:00:00,31.745007
2023-04-27 09:00:00,35.747047
2023-04-27 10:00:00,33.31624
2023-04-27 11:00:00,48.44263
2023-04-27 12:00:00,24.425386
2023-04-27 13:00:00,33.08998
2023-04-27 14:00:00,43.732193
2023-04-27 15:00:00,48.713737
2023-04-27 16:00:00,36.165745
2023-04-27 17:00:00,24.056063
2023-04-27 18:00:00,31.447027
2023-04-27 19:00:00,36.56417
2023-04-27 20:00:00,21.986122
2023-04-27 21:00:00,2.647851
2023-04-27 22:00:00,4.125955
2023-04-27 23:00:00,6.5547857
2023-04-28 00:00:00,4.324743
2023-04-28 01:00:00,4.137521
2023-04-28 02:00:00,4.9818835
2023-04-28 03:00:00,4.9818835
2023-04-28 04:00:00,4.9818835
2023-04-28 05:00:00,4.9818835
2023-04-28 06:00:00,4.9818835
2023-04-28 07:00:00,9.422647
2023-04-28 08:00:00,30.100435
2023-04-28 09:00:00,42.478703
2023-04-28 10:00:00,38.11015
2023-04-28 11:00:00,40.4776
2023-04-28 12:00:00,29.88822
2023-04-28 13:00:00,46.538857
2023-04-28 14:00:00,35.591995
2023-04-28 15:00:00,41.143818
2023-04-28 16:00:00,29.024925
2023-04-28 17:00:00,44.25605
2023-04-28 18:00:00,48.53431
2023-04-28 19:00:00,46.05531
2023-04-28 20:00:00,30.231142
2023-04-28 21:00:00,24.497433
2023-04-28 22:00:00,17.372284
2023-04-28 23:00:00,6.055505
2023-04-29 00:00:00,5.2695017
2023-04-29 01:00:00,8.090141
2023-04-29 02:00:00,6.752652
2023-04-29 03:00:00,4.333463
2023-04-29 04:00:00,4.812341
2023-04-29 05:00:00,5.4951873
2023-04-29 06:00:00,5.4951873
2023-04-29 07:00:00,5.1398325
2023-04-29 08:00:00,13.259012
2023-04-29 09:00:00,20.84268
2023-04-29 10:00:00,40.6851
2023-04-29 11:00:00,48.85519
2023-04-29 12:00:00,38.879753
2023-04-29 13:00:00,35.807106
2023-04-29 14:00:00,49.102203
2023-04-29 15:00:00,42.699806
2023-04-29 16:00:00,34.976078
2023-04-29 17:00:00,36.233784
2023-04-29 18:00:00,27.466398
2023-04-29 19:00:00,34.441334
2023-04-29 20:00:00,39.372135
2023-04-29 21:00:00,22.15387
2023-04-29 22:00:00,12.652478
2023-04-29 23:00:00,3.4391744
2023-04-30 00:00:00,1.6756953
2023-04-30 01:00:00,3.8595147
2023-04-30 02:00:00,4.8917875
2023-04-30 03:00:00,4.8917875
2023-04-30 04:00:00,4.8917875
2023-04-30 05:00:00,4.891788
2023-04-30 06:00:00,4.891788
2023-04-30 07:00:00,7.967028
2023-04-30 08:00:00,16.583061
2023-04-30 09:00:00,23.046387
2023-04-30 10:00:00,34.008846
2023-04-30 11:00:00,23.148788
2023-04-30 12:00:00,27.514776
2023-04-30 13:00:00,23.171682
2023-04-30 14:00:00,31.821815
2023-04-30 15:00:00,28.81071
2023-04-30 16:00:00,24.459785
2023-04-30 17:00:00,18.298456
2023-04-30 18:00:00,25.458817
2023-04-30 19:00:00,40.73449
2023-04-30 20:00:00,29.431461
2023-04-30 21:00:00,20.898857
2023-04-30 22:00:00,20.342295
2023-04-30 23:00:00,8.570355
2023-05-01 00:00:00,1.0113125
2023-05-01 01:00:00,2.431268
2023-05-01 02:00:00,4.970172
2023-05-01 03:00:00,4.952713
2023-05-01 04:00:00,4.651343
2023-05-01 05:00:00,4.612288
2023-05-01 06:00:00,4.7123847
2023-05-01 07:00:00,14.315349
2023-05-01 08:00:00,38.64964
2023-05-01 09:00:00,37.128708
2023-05-01 10:00:00,35.2901
2023-05-01 11:00:00,39.202995
2023-05-01 12:00:00,37.894623
2023-05-01 13:00:00,26.497814
2023-05-01 14:00:00,12.5899
2023-05-01 15:00:00,24.09226
2023-05-01 16:00:00,42.97927
2023-05-01 17:00:00,24.509052
2023-05-01 18:00:00,24.0917
2023-05-01 19:00:00,28.012234
2023-05-01 20:00:00,19.718668
2023-05-01 21:00:00,14.719198
2023-05-01 22:00:00,1.5128067
2023-05-01 23:00:00,-0.004625288
2023-05-02 00:00:00,2.6783125
2023-05-02 01:00:00,3.6493862
2023-05-02 02:00:00,3.6493862
2023-05-02 03:00:00,3.6493862
2023-05-02 04:00:00,3.6493862
2023-05-02 05:00:00,3.6493862
2023-05-02 06:00:00,3.6493862
2023-05-02 07:00:00,4.3259544
2023-05-02 08:00:00,26.130354
2023-05-02 09:00:00,38.476456
2023-05-02 10:00:00,31.552328
2023-05-02 11:00:00,30.750725
2023-05-02 12:00:00,40.545998
2023-05-02 13:00:00,40.483185
2023-05-02 14:00:00,23.618479
2023-05-02 15:00:00,28.314686
2023-05-02 16:00:00,40.17674
2023-05-02 17:00:00,35.789375
2023-05-02 18:00:00,26.507582
2023-05-02 19:00:00,38.69021
2023-05-02 20:00:00,35.268322
2023-05-02 21:00:00,19.112967
2023-05-02 22:00:00,9.880587
2023-05-02 23:00:00,3.1797335
2023-05-03 00:00:00,0.99609065
2023-05-03 01:00:00,2.7456534
2023-05-03 02:00:00,3.9655988
2023-05-03 03:00:00,3.9655988
2023-05-03 04:00:00,3.9655988
2023-05-03 05:00:00,3.9655988
2023-05-03 06:00:00,4.8992333
2023-05-03 07:00:00,14.878757
2023-05-03 08:00:00,10.621807
2023-05-03 09:00:00,28.52955
2023-05-03 10:00:00,55.468826
2023-05-03 11:00:00,55.100456
2023-05-03 12:00:00,51.909767
2023-05-03 13:00:00,35.27203
2023-05-03 14:00:00,41.87806
2023-05-03 15:00:00,33.264927
2023-05-03 16:00:00,28.388144
2023-05-03 17:00:00,22.921156
2023-05-03 18:00:00,27.729717
2023-05-03 19:00:00,37.52425
2023-05-03 20:00:00,40.87341
2023-05-03 21:00:00,15.9476795
2023-05-03 22:00:00,8.564669
2023-05-03 23:00:00,0.22391765
2023-05-04 00:00:00,1.0230656
2023-05-04 01:00:00,3.5504942
2023-05-04 02:00:00,3.7730865
2023-05-04 03:00:00,3.7730865
2023-05-04 04:00:00,3.7730865
2023-05-04 05:00:00,3.7730873
2023-05-04 06:00:00,6.541772
2023-05-04 07:00:00,13.597211
2023-05-04 08:00:00,22.447918
2023-05-04 09:00:00,25.522753
2023-05-04 10:00:00,40.69467
2023-05-04 11:00:00,42.18835
2023-05-04 12:00:00,32.787888
2023-05-04 13:00:00,32.068405
2023-05-04 14:00:00,29.741167
2023-05-04 15:00:00,25.793854
2023-05-04 16:00:00,32.80906
2023-05-04 17:00:00,35.734524
2023-05-04 18:00:00,27.974558
2023-05-04 19:00:00,34.907207
2023-05-04 20:00:00,19.928368
2023-05-04 21:00:00,9.959095
2023-05-04 22:00:00,0.42845953
2023-05-04 23:00:00,-0.27193278
2023-05-05 00:00:00,2.3628511
2023-05-05 01:00:00,4.2696958
2023-05-05 02:00:00,3.2215397
2023-05-05 03:00:00,2.6401458
2023-05-05 04:00:00,3.0595381
2023-05-05 05:00:00,3.0595381
2023-05-05 06:00:00,3.0595381
2023-05-05 07:00:00,3.0595381
2023-05-05 08:00:00,13.918907
2023-05-05 09:00:00,24.723614
2023-05-05 10:00:00,34.75624
2023-05-05 11:00:00,34.72588
2023-05-05 12:00:00,24.53675
2023-05-05 13:00:00,39.15247
2023-05-05 14:00:00,29.8238
2023-05-05 15:00:00,29.331858
2023-05-05 16:00:00,22.145414
2023-05-05 17:00:00,19.433662
2023-05-05 18:00:00,26.544
2023-05-05 19:00:00,43.987778
2023-05-05 20:00:00,33.98458
2023-05-05 21:00:00,14.985332
2023-05-05 22:00:00,3.2724547
2023-05-05 23:00:00,0.75415176
2023-05-06 00:00:00,2.2699656
2023-05-06 01:00:00,3.3637543
2023-05-06 02:00:00,3.6930661
2023-05-06 03:00:00,3.6930661
2023-05-06 04:00:00,3.6930661
2023-05-06 05:00:00,3.6930661
2023-05-06 06:00:00,10.797562
2023-05-06 07:00:00,14.84339
2023-05-06 08:00:00,24.01827
2023-05-06 09:00:00,23.957458
2023-05-06 10:00:00,35.526855
2023-05-06 11:00:00,52.701996
2023-05-06 12:00:00,40.956985
2023-05-06 13:00:00,37.96524
2023-05-06 14:00:00,37.430584
2023-05-06 15:00:00,27.693014
2023-05-06 16:00:00,30.142326
2023-05-06 17:00:00,33.877125
2023-05-06 18:00:00,30.557041
2023-05-06 19:00:00,21.831326
2023-05-06 20:00:00,25.567806
2023-05-06 21:00:00,27.823061
2023-05-06 22:00:00,9.034265
2023-05-06 23:00:00,21.194118
2023-05-07 00:00:00,15.443065
2023-05-07 01:00:00,1.058368
2023-05-07 02:00:00,1.3270056
2023-05-07 03:00:00,2.3681538
2023-05-07 04:00:00,2.408313
2023-05-07 05:00:00,3.0894
2023-05-07 06:00:00,3.0894
2023-05-07 07:00:00,3.1298842
2023-05-07 08:00:00,15.946792
2023-05-07 09:00:00,35.264267
2023-05-07 10:00:00,35.467003
2023-05-07 11:00:00,27.206972
2023-05-07 12:00:00,24.45741
2023-05-07 13:00:00,31.209608
2023-05-07 14:00:00,21.198463
2023-05-07 15:00:00,38.79706
2023-05-07 16:00:00,40.187572
2023-05-07 17:00:00,16.91878
2023-05-07 18:00:00,18.83474
2023-05-07 19:00:00,38.5092
2023-05-07 20:00:00,31.159496
2023-05-07 21:00:00,13.241733
2023-05-07 22:00:00,4.7396936
2023-05-07 23:00:00,9.667424
2023-05-08 00:00:00,9.089139
2023-05-08 01:00:00,2.4849923
2023-05-08 02:00:00,2.9360392
2023-05-08 03:00:00,4.642502
2023-05-08 04:00:00,4.642502
2023-05-08 05:00:00,4.6425023
2023-05-08 06:00:00,5.077617
2023-05-08 07:00:00,15.118616
2023-05-08 08:00:00,32.705067
2023-05-08 09:00:00,45.856327
2023-05-08 10:00:00,27.199604
2023-05-08 11:00:00,34.828472
2023-05-08 12:00:00,44.32181
2023-05-08 13:00:00,41.370216
2023-05-08 14:00:00,32.396687
2023-05-08 15:00:00,30.668795
2023-05-08 16:00:00,33.489185
2023-05-08 17:00:00,24.063496
2023-05-08 18:00:00,40.053143
2023-05-08 19:00:00,39.061325
2023-05-08 20:00:00,19.68826
2023-05-08 21:00:00,7.496452
2023-05-08 22:00:00,0.4676403
2023-05-08 23:00:00,1.0523826
2023-05-09 00:00:00,3.4551353
2023-05-09 01:00:00,3.7621741
2023-05-09 02:00:00,3.7621741
2023-05-09 03:00:00,3.7621741
2023-05-09 04:00:00,3.7621741
2023-05-09 05:00:00,3.7621741
2023-05-09 06:00:00,4.5421686
2023-05-09 07:00:00,16.876566
2023-05-09 08:00:00,26.119661
2023-05-09 09:00:00,39.820156
2023-05-09 10:00:00,27.69803
2023-05-09 11:00:00,31.447252
2023-05-09 12:00:00,32.703156
2023-05-09 13:00:00,27.582129
2023-05-09 14:00:00,29.338343
2023-05-09 15:00:00,32.08674
2023-05-09 16:00:00,41.765873
2023-05-09 17:00:00,29.46834
2023-05-09 18:00:00,33.463837
2023-05-09 19:00:00,30.96292
2023-05-09 20:00:00,22.585558
2023-05-09 21:00:00,18.071981
2023-05-09 22:00:00,7.014118
2023-05-09 23:00:00,5.016567
2023-05-10 00:00:00,2.263775
2023-05-10 01:00:00,1.8883587
2023-05-10 02:00:00,3.2003098
2023-05-10 03:00:00,3.5827394
2023-05-10 04:00:00,3.5827394
2023-05-10 05:00:00,3.5827394
2023-05-10 06:00:00,3.5827394
2023-05-10 07:00:00,12.565583
2023-05-10 08:00:00,19.661594
2023-05-10 09:00:00,29.567831
2023-05-10 10:00:00,36.75156
2023-05-10 11:00:00,36.775032
2023-05-10 12:00:00,38.91815
2023-05-10 13:00:00,41.315838
2023-05-10 14:00:00,35.298637
2023-05-10 15:00:00,28.893011
2023-05-10 16:00:00,17.588566
2023-05-10 17:00:00,32.299713
2023-05-10 18:00:00,34.325184
2023-05-10 19:00:00,37.45907
2023-05-10 20:00:00,25.53918
2023-05-10 21:00:00,-0.37522352
2023-05-10 22:00:00,0.17052977
2023-05-10 23:00:00,2.3177395
2023-05-11 00:00:00,3.387284
2023-05-11 01:00:00,3.387284
2023-05-11 02:00:00,3.387284
2023-05-11 03:00:00,3.387284
2023-05-11 04:00:00,3.387284
2023-05-11 05:00:00,4.500857
2023-05-11 06:00:00,5.8907027
2023-05-11 07:00:00,5.5748506
2023-05-11 08:00:00,17.049604
2023-05-11 09:00:00,34.17002
2023-05-11 10:00:00,21.504683
2023-05-11 11:00:00,28.64181
2023-05-11 12:00:00,26.81694
2023-05-11 13:00:00,21.310122
2023-05-11 14:00:00,27.839924
2023-05-11 15:00:00,45.697777
2023-05-11 16:00:00,32.534473
2023-05-11 17:00:00,21.812126
2023-05-11 18:00:00,28.950247
2023-05-11 19:00:00,29.858912
2023-05-11 20:00:00,23.322613
2023-05-11 21:00:00,11.203533
2023-05-11 22:00:00,5.2788897
2023-05-11 23:00:00,4.1878486
2023-05-12 00:00:00,5.558698
2023-05-12 01:00:00,6.3216157
2023-05-12 02:00:00,6.4500227
2023-05-12 03:00:00,6.4500227
2023-05-12 04:00:00,6.4500227
2023-05-12 05:00:00,6.450023
2023-05-12 06:00:00,6.4065313
2023-05-12 07:00:00,6.5463085
2023-05-12 08:00:00,13.676005
2023-05-12 09:00:00,24.777481
2023-05-12 10:00:00,41.160107
2023-05-12 11:00:00,36.40338
2023-05-12 12:00:00,35.489395
2023-05-12 13:00:00,44.45581
2023-05-12 14:00:00,38.446785
2023-05-12 15:00:00,41.868477
2023-05-12 16:00:00,37.5611
2023-05-12 17:00:00,25.20002
2023-05-12 18:00:00,19.676031
