date,load
2023-03-01 04:00:00,1.5105555555555557
2023-03-01 05:00:00,5.722957165109035
2023-03-01 06:00:00,12.338620865662534
2023-03-01 07:00:00,18.63963387399738
2023-03-01 08:00:00,28.180549471810796
2023-03-01 09:00:00,26.08330632506314
2023-03-01 10:00:00,37.36538602956105
2023-03-01 11:00:00,42.90038916178972
2023-03-01 12:00:00,34.30091281221351
2023-03-01 13:00:00,39.55328368402464
2023-03-01 14:00:00,39.40936199216258
2023-03-01 15:00:00,26.347507645218197
2023-03-01 16:00:00,21.461739531799793
2023-03-01 17:00:00,42.736510011256
2023-03-01 18:00:00,46.956142921571555
2023-03-01 19:00:00,45.62642295766029
2023-03-01 20:00:00,37.09190116582893
2023-03-01 21:00:00,29.188451037232035
2023-03-01 22:00:00,14.433603729124828
2023-03-01 23:00:00,6.562485618888607
2023-03-02 00:00:00,6.461485618888607
2023-03-02 01:00:00,6.461485618888607
2023-03-02 02:00:00,6.461485618888607
2023-03-02 03:00:00,6.461485618888607
2023-03-02 04:00:00,6.461485618888607
2023-03-02 05:00:00,7.691985618888607
2023-03-02 06:00:00,10.37420784111083
2023-03-02 07:00:00,11.890045133120688
2023-03-02 08:00:00,36.426425244949286
2023-03-02 09:00:00,36.11428132617882
2023-03-02 10:00:00,37.234225451932836
2023-03-02 11:00:00,37.89723582376216
2023-03-02 12:00:00,43.644516275741275
2023-03-02 13:00:00,53.79752791468838
2023-03-02 14:00:00,49.739402510734116
2023-03-02 15:00:00,40.444013311067664
2023-03-02 16:00:00,39.792148277823266
2023-03-02 17:00:00,26.13924386900738
2023-03-02 18:00:00,25.502897572018195
2023-03-02 19:00:00,24.818481192714383
2023-03-02 20:00:00,17.048537321811672
2023-03-02 21:00:00,13.391279885925824
2023-03-02 22:00:00,7.622196936617067
2023-03-02 23:00:00,7.318560991916606
2023-03-03 00:00:00,7.318560991916606
2023-03-03 01:00:00,7.318560991916606
2023-03-03 02:00:00,7.318560991916606
2023-03-03 03:00:00,7.318560991916606
2023-03-03 04:00:00,11.667948747018647
2023-03-03 05:00:00,13.117744665385993
2023-03-03 06:00:00,11.377989563345178
2023-03-03 07:00:00,20.387441471114133
2023-03-03 08:00:00,32.26907045032538
2023-03-03 09:00:00,43.73135796420363
2023-03-03 10:00:00,43.77336537222165
2023-03-03 11:00:00,51.605439195464626
2023-03-03 12:00:00,40.333557927160065
2023-03-03 13:00:00,32.17174250572209
2023-03-03 14:00:00,35.52639130243248
2023-03-03 15:00:00,38.37859161542153
2023-03-03 16:00:00,37.02683295840607
2023-03-03 17:00:00,32.26396456629486
2023-03-03 18:00:00,44.401402143785
2023-03-03 19:00:00,38.92430462671293
2023-03-03 20:00:00,20.140834744050046
2023-03-03 21:00:00,19.232242549135528
2023-03-03 22:00:00,14.479816689505046
2023-03-03 23:00:00,6.615330048113829
2023-03-04 00:00:00,5.901581414234047
2023-03-04 01:00:00,5.901581414234047
2023-03-04 02:00:00,5.901581414234047
2023-03-04 03:00:00,5.901581414234047
2023-03-04 04:00:00,5.901581414234047
2023-03-04 05:00:00,5.901581414234047
2023-03-04 06:00:00,6.332302134954768
2023-03-04 07:00:00,11.356208450599587
2023-03-04 08:00:00,19.257543584931277
2023-03-04 09:00:00,40.60228749993482
2023-03-04 10:00:00,55.17055582879589
2023-03-04 11:00:00,50.962030966851486
2023-03-04 12:00:00,46.78537624946247
2023-03-04 13:00:00,53.66569984819973
2023-03-04 14:00:00,62.718245761053566
2023-03-04 15:00:00,59.34474579194335
2023-03-04 16:00:00,58.63214121770072
2023-03-04 17:00:00,61.1159231118704
2023-03-04 18:00:00,67.5628935397422
2023-03-04 19:00:00,60.81625171352041
2023-03-04 20:00:00,46.92870390980451
2023-03-04 21:00:00,34.13406322783958
2023-03-04 22:00:00,15.282250011464308
2023-03-04 23:00:00,9.285939291069969
2023-03-05 00:00:00,6.659435963371189
2023-03-05 01:00:00,5.556794453937227
2023-03-05 02:00:00,5.556794453937227
2023-03-05 03:00:00,5.556794453937227
2023-03-05 04:00:00,5.556794453937227
2023-03-05 05:00:00,5.556794453937227
2023-03-05 06:00:00,5.556794453937227
2023-03-05 07:00:00,8.602292699551263
2023-03-05 08:00:00,18.58919907913659
2023-03-05 09:00:00,22.291462523607372
2023-03-05 10:00:00,31.804930489164104
2023-03-05 11:00:00,42.33416127065256
2023-03-05 12:00:00,38.04033023126175
2023-03-05 13:00:00,41.80996633334809
2023-03-05 14:00:00,25.327981827194012
2023-03-05 15:00:00,38.249796735332026
2023-03-05 16:00:00,55.46130129246595
2023-03-05 17:00:00,42.59023760938223
2023-03-05 18:00:00,25.04630251786161
2023-03-05 19:00:00,24.561380673231742
2023-03-05 20:00:00,12.501122242543861
2023-03-05 21:00:00,3.9355885043794006
2023-03-05 22:00:00,6.514227679637132
2023-03-05 23:00:00,6.3874029373690915
2023-03-06 00:00:00,3.6490730404618748
2023-03-06 01:00:00,5.678669814655422
2023-03-06 02:00:00,7.70826658884897
2023-03-06 03:00:00,7.70826658884897
2023-03-06 04:00:00,7.70826658884897
2023-03-06 05:00:00,7.70826658884897
2023-03-06 06:00:00,8.507400150492806
2023-03-06 07:00:00,18.785575216485192
2023-03-06 08:00:00,31.765657673472564
2023-03-06 09:00:00,41.84875423817231
2023-03-06 10:00:00,51.80117806072725
2023-03-06 11:00:00,39.68361087699486
2023-03-06 12:00:00,46.98266305660156
2023-03-06 13:00:00,46.88033828518541
2023-03-06 14:00:00,48.775045090762234
2023-03-06 15:00:00,54.996377406970225
2023-03-06 16:00:00,28.96381277647898
2023-03-06 17:00:00,19.58030030082791
2023-03-06 18:00:00,12.863385431606627
2023-03-06 19:00:00,20.038472867548794
2023-03-06 20:00:00,16.567837311837227
2023-03-06 21:00:00,3.8905549629747136
2023-03-06 22:00:00,1.567287050202128
2023-03-06 23:00:00,4.032144193059271
2023-03-07 00:00:00,5.79275643795723
2023-03-07 01:00:00,5.79275643795723
2023-03-07 02:00:00,5.79275643795723
2023-03-07 03:00:00,5.79275643795723
2023-03-07 04:00:00,5.79275643795723
2023-03-07 05:00:00,10.045592258852752
2023-03-07 06:00:00,12.172010169300513
2023-03-07 07:00:00,15.130216728471368
2023-03-07 08:00:00,21.16740671977745
2023-03-07 09:00:00,43.15461824791262
2023-03-07 10:00:00,36.259051487598114
2023-03-07 11:00:00,44.07111322522954
2023-03-07 12:00:00,44.82083548076827
2023-03-07 13:00:00,46.81694595349956
2023-03-07 14:00:00,36.100098932956406
2023-03-07 15:00:00,33.659467568579856
2023-03-07 16:00:00,25.508781452389186
2023-03-07 17:00:00,25.908334936137965
2023-03-07 18:00:00,33.388058847669264
2023-03-07 19:00:00,49.23708525241337
2023-03-07 20:00:00,45.41359344433789
2023-03-07 21:00:00,39.242757939518754
2023-03-07 22:00:00,25.2734700970104
2023-03-07 23:00:00,10.708551262644866
2023-03-08 00:00:00,9.171801872400964
2023-03-08 01:00:00,9.171801872400964
2023-03-08 02:00:00,9.171801872400964
2023-03-08 03:00:00,9.171801872400964
2023-03-08 04:00:00,9.171801872400964
2023-03-08 05:00:00,10.294136603132985
2023-03-08 06:00:00,17.030036399473634
2023-03-08 07:00:00,28.11352553440808
2023-03-08 08:00:00,29.145154598206553
2023-03-08 09:00:00,39.02848232022179
2023-03-08 10:00:00,51.87970755875793
2023-03-08 11:00:00,61.08600507410845
2023-03-08 12:00:00,50.65298908438846
2023-03-08 13:00:00,62.95753779219277
2023-03-08 14:00:00,60.05791647071981
2023-03-08 15:00:00,56.40082068452
2023-03-08 16:00:00,49.23375178082671
2023-03-08 17:00:00,31.06788587749642
2023-03-08 18:00:00,34.35666156808996
2023-03-08 19:00:00,27.42150349313403
2023-03-08 20:00:00,13.630145107140441
2023-03-08 21:00:00,14.406825031467786
2023-03-08 22:00:00,13.449949512795587
2023-03-08 23:00:00,10.263755115133945
2023-03-09 00:00:00,12.105714250552854
2023-03-09 01:00:00,13.004114250552854
2023-03-09 02:00:00,10.308914250552855
2023-03-09 03:00:00,10.308914250552855
2023-03-09 04:00:00,11.69554881145937
2023-03-09 05:00:00,19.102697707917546
2023-03-09 06:00:00,23.82096714645863
2023-03-09 07:00:00,31.899404266049224
2023-03-09 08:00:00,57.1927772750576
2023-03-09 09:00:00,74.43301850800326
2023-03-09 10:00:00,71.80256084061888
2023-03-09 11:00:00,49.155288641606454
2023-03-09 12:00:00,40.003750481344014
2023-03-09 13:00:00,29.67404408116428
2023-03-09 14:00:00,36.53924874399289
2023-03-09 15:00:00,39.63010166124578
2023-03-09 16:00:00,28.49690186973987
2023-03-09 17:00:00,30.468002959590862
2023-03-09 18:00:00,50.97799290472813
2023-03-09 19:00:00,41.33688096265043
2023-03-09 20:00:00,30.659928916152495
2023-03-09 21:00:00,24.91674203702548
2023-03-09 22:00:00,12.575030110063551
2023-03-09 23:00:00,7.163412977196417
2023-03-10 00:00:00,5.877181916590357
2023-03-10 01:00:00,7.136834694368134
2023-03-10 02:00:00,7.136834694368134
2023-03-10 03:00:00,7.136834694368134
2023-03-10 04:00:00,7.136834694368134
2023-03-10 05:00:00,7.731573155906595
2023-03-10 06:00:00,14.369596232829672
2023-03-10 07:00:00,13.142772925904039
2023-03-10 08:00:00,24.1211212186831
2023-03-10 09:00:00,29.355372800774028
2023-03-10 10:00:00,33.23322202767815
2023-03-10 11:00:00,28.589197399356554
2023-03-10 12:00:00,39.73379149773398
2023-03-10 13:00:00,35.78459289691953
2023-03-10 14:00:00,26.87174946790428
2023-03-10 15:00:00,30.111062290773614
2023-03-10 16:00:00,47.83606585610252
2023-03-10 17:00:00,43.796020236757215
2023-03-10 18:00:00,42.29784351408413
2023-03-10 19:00:00,33.08032876699698
2023-03-10 20:00:00,23.255446265925908
2023-03-10 21:00:00,10.879885859212392
2023-03-10 22:00:00,9.174517324729635
2023-03-10 23:00:00,11.843517324729635
2023-03-11 00:00:00,11.843517324729635
2023-03-11 01:00:00,8.605850658062968
2023-03-11 02:00:00,7.895908212019803
2023-03-11 03:00:00,10.431598859501818
2023-03-11 04:00:00,10.431598859501818
2023-03-11 05:00:00,10.431598859501818
2023-03-11 06:00:00,10.431598859501818
2023-03-11 07:00:00,11.009250222486036
2023-03-11 08:00:00,15.451836161303474
2023-03-11 09:00:00,20.577547398177533
2023-03-11 10:00:00,38.42806870937488
2023-03-11 11:00:00,52.13343261335796
2023-03-11 12:00:00,37.87790389396429
2023-03-11 13:00:00,25.844683354592235
2023-03-11 14:00:00,36.07937456847258
2023-03-11 15:00:00,48.86686942483772
2023-03-11 16:00:00,31.033257813382615
2023-03-11 17:00:00,22.797909216307552
2023-03-11 18:00:00,27.16932581300082
2023-03-11 19:00:00,18.821389613092833
2023-03-11 20:00:00,15.950851945394174
2023-03-11 21:00:00,9.659182521846637
2023-03-11 22:00:00,5.823077103834938
2023-03-11 23:00:00,12.020587219319287
2023-03-12 00:00:00,12.653425483270764
2023-03-12 01:00:00,12.653425483270764
2023-03-12 02:00:00,12.653425483270764
2023-03-12 03:00:00,8.74554433572978
2023-03-12 04:00:00,8.22940908982814
2023-03-12 05:00:00,8.150715981895761
2023-03-12 06:00:00,7.607997155944947
2023-03-12 07:00:00,13.933312976162094
2023-03-12 08:00:00,27.408425531426747
2023-03-12 09:00:00,26.757180155167152
2023-03-12 10:00:00,35.78856620441962
2023-03-12 11:00:00,48.339625518253555
2023-03-12 12:00:00,52.61359145465348
2023-03-12 13:00:00,38.39256574910431
2023-03-12 14:00:00,44.144488278623456
2023-03-12 15:00:00,41.66057037527605
2023-03-12 16:00:00,29.794539968334288
2023-03-12 17:00:00,38.19247730127287
2023-03-12 18:00:00,25.329706225691385
2023-03-12 19:00:00,26.911410837149266
2023-03-12 20:00:00,24.125466822899913
2023-03-12 21:00:00,26.342933840851206
2023-03-12 22:00:00,13.436919374692089
2023-03-12 23:00:00,11.461088937203838
2023-03-13 00:00:00,18.071054314696582
2023-03-13 01:00:00,10.114316392293578
2023-03-13 02:00:00,9.529257568764166
2023-03-13 03:00:00,9.529257568764166
2023-03-13 04:00:00,9.529257568764166
2023-03-13 05:00:00,9.54838388455364
2023-03-13 06:00:00,17.185697385697804
2023-03-13 07:00:00,18.62326617907089
2023-03-13 08:00:00,24.83395048182505
2023-03-13 09:00:00,47.884075269174716
2023-03-13 10:00:00,61.81155369440335
2023-03-13 11:00:00,67.31960485084286
2023-03-13 12:00:00,57.66134357504743
2023-03-13 13:00:00,51.98138641861509
2023-03-13 14:00:00,49.52562735525218
2023-03-13 15:00:00,45.21709809320892
2023-03-13 16:00:00,54.09180009734021
2023-03-13 17:00:00,46.13606281653998
2023-03-13 18:00:00,22.308114918508423
2023-03-13 19:00:00,13.640322859303557
2023-03-13 20:00:00,22.607677835281745
2023-03-13 21:00:00,9.672786415961726
2023-03-13 22:00:00,6.687162127904936
2023-03-13 23:00:00,1.7104794355972435
2023-03-14 00:00:00,1.7104794355972435
2023-03-14 01:00:00,1.7104794355972435
2023-03-14 02:00:00,1.7104794355972435
2023-03-14 03:00:00,3.8265229962033036
2023-03-14 04:00:00,5.806047617415424
2023-03-14 05:00:00,5.83897202346294
2023-03-14 06:00:00,7.781511980266396
2023-03-14 07:00:00,9.494832585056155
2023-03-14 08:00:00,24.749540111589653
2023-03-14 09:00:00,47.12630634409571
2023-03-14 10:00:00,57.62739184241348
2023-03-14 11:00:00,48.33424801640583
2023-03-14 12:00:00,42.23241492700217
2023-03-14 13:00:00,39.6146851770597
2023-03-14 14:00:00,47.49623538624425
2023-03-14 15:00:00,36.09152997523234
2023-03-14 16:00:00,25.958706953903963
2023-03-14 17:00:00,30.57558017669548
2023-03-14 18:00:00,35.074759916721646
2023-03-14 19:00:00,28.114001680110245
2023-03-14 20:00:00,19.762987552926464
2023-03-14 21:00:00,7.553026498795175
2023-03-14 22:00:00,4.399290131513699
2023-03-14 23:00:00,7.650706798180366
2023-03-15 00:00:00,8.241873464847032
2023-03-15 01:00:00,4.399290131513699
2023-03-15 02:00:00,5.558459806603952
2023-03-15 03:00:00,7.71120348891442
2023-03-15 04:00:00,7.71120348891442
2023-03-15 05:00:00,7.73401598891442
2023-03-15 06:00:00,10.955561524628706
2023-03-15 07:00:00,21.694204380183585
2023-03-15 08:00:00,26.727123354798557
2023-03-15 09:00:00,52.02244295175839
2023-03-15 10:00:00,65.75556956843307
2023-03-15 11:00:00,68.15090264655585
2023-03-15 12:00:00,72.07616852452745
2023-03-15 13:00:00,66.53979248236016
2023-03-15 14:00:00,58.11164318054562
2023-03-15 15:00:00,54.5691790659114
2023-03-15 16:00:00,53.51665204302706
2023-03-15 17:00:00,54.011953779523964
2023-03-15 18:00:00,38.503147181851844
2023-03-15 19:00:00,25.78894406504859
2023-03-15 20:00:00,14.805328375042999
2023-03-15 21:00:00,12.772732093586873
2023-03-15 22:00:00,12.21347743520178
2023-03-15 23:00:00,8.578322155698675
2023-03-16 00:00:00,8.578322155698675
2023-03-16 01:00:00,8.578322155698675
2023-03-16 02:00:00,8.578322155698675
2023-03-16 03:00:00,10.792689712166847
2023-03-16 04:00:00,11.668137350770545
2023-03-16 05:00:00,11.668137350770545
2023-03-16 06:00:00,11.668137350770545
2023-03-16 07:00:00,13.208467779947835
2023-03-16 08:00:00,28.89575986887035
2023-03-16 09:00:00,39.93650224122311
2023-03-16 10:00:00,38.89443733556744
2023-03-16 11:00:00,45.5470433555588
2023-03-16 12:00:00,52.20907663146202
2023-03-16 13:00:00,44.583906572995865
2023-03-16 14:00:00,50.45523446954653
2023-03-16 15:00:00,36.62326035196216
2023-03-16 16:00:00,31.20693074069157
2023-03-16 17:00:00,24.69241893161165
2023-03-16 18:00:00,26.495539471623868
2023-03-16 19:00:00,24.651568836589103
2023-03-16 20:00:00,19.354042444885
2023-03-16 21:00:00,12.629271749964234
2023-03-16 22:00:00,13.080746178024782
2023-03-16 23:00:00,13.080746178024782
2023-03-17 00:00:00,9.256652218293238
2023-03-17 01:00:00,7.197524701514715
2023-03-17 02:00:00,7.197524701514715
2023-03-17 03:00:00,7.197524701514715
2023-03-17 04:00:00,7.064974795676674
2023-03-17 05:00:00,9.04517354984153
2023-03-17 06:00:00,11.614583049631358
2023-03-17 07:00:00,17.628561962573535
2023-03-17 08:00:00,32.906564300946485
2023-03-17 09:00:00,60.10144462666443
2023-03-17 10:00:00,69.62368010987356
2023-03-17 11:00:00,69.14240862219052
2023-03-17 12:00:00,41.0011847963228
2023-03-17 13:00:00,56.198987051767716
2023-03-17 14:00:00,38.09351976911564
2023-03-17 15:00:00,32.17534793473267
2023-03-17 16:00:00,36.04452844599496
2023-03-17 17:00:00,36.58859770479426
2023-03-17 18:00:00,38.374658412120034
2023-03-17 19:00:00,40.54631348166426
2023-03-17 20:00:00,21.497861112382324
2023-03-17 21:00:00,17.629612329987406
2023-03-17 22:00:00,9.300670996678193
2023-03-17 23:00:00,7.691624188167555
2023-03-18 00:00:00,7.691624188167555
2023-03-18 01:00:00,7.691624188167555
2023-03-18 02:00:00,7.691624188167555
2023-03-18 03:00:00,13.034346410389777
2023-03-18 04:00:00,13.118151965945334
2023-03-18 05:00:00,12.240374188167555
2023-03-18 06:00:00,12.312748019943257
2023-03-18 07:00:00,17.13359421242871
2023-03-18 08:00:00,22.227550819660674
2023-03-18 09:00:00,26.663142420835072
2023-03-18 10:00:00,39.75512339864069
2023-03-18 11:00:00,56.60613750084633
2023-03-18 12:00:00,49.1345036972692
2023-03-18 13:00:00,61.66856959222639
2023-03-18 14:00:00,54.952982475754965
2023-03-18 15:00:00,53.90541600450009
2023-03-18 16:00:00,42.96123397405419
2023-03-18 17:00:00,38.49252488083609
2023-03-18 18:00:00,33.27338506904904
2023-03-18 19:00:00,41.73561304676719
2023-03-18 20:00:00,44.07348749149756
2023-03-18 21:00:00,21.757301869615524
2023-03-18 22:00:00,13.761045608301082
2023-03-18 23:00:00,11.558179686513373
2023-03-19 00:00:00,8.529787208355247
2023-03-19 01:00:00,4.386683251980426
2023-03-19 02:00:00,4.386683251980426
2023-03-19 03:00:00,6.538410930551855
2023-03-19 04:00:00,7.38909396626614
2023-03-19 05:00:00,10.725121363526414
2023-03-19 06:00:00,13.10799807585518
2023-03-19 07:00:00,10.832532233780059
2023-03-19 08:00:00,14.857739765234614
2023-03-19 09:00:00,20.004017154512002
2023-03-19 10:00:00,26.599142391230906
2023-03-19 11:00:00,26.688033867005526
2023-03-19 12:00:00,48.04865250156719
2023-03-19 13:00:00,60.1694970642082
2023-03-19 14:00:00,46.408902958723914
2023-03-19 15:00:00,41.403846952155156
2023-03-19 16:00:00,38.62222804932172
2023-03-19 17:00:00,40.40743536304089
2023-03-19 18:00:00,33.12696672666541
2023-03-19 19:00:00,25.82973791861751
2023-03-19 20:00:00,20.028698717165604
2023-03-19 21:00:00,5.867804571028459
2023-03-19 22:00:00,1.0876983606355586
2023-03-19 23:00:00,3.544774631822
2023-03-20 00:00:00,3.978376326737254
2023-03-20 01:00:00,1.424944123347423
2023-03-20 02:00:00,1.0876983606355586
2023-03-20 03:00:00,6.461869789206988
2023-03-20 04:00:00,6.8457391769620894
2023-03-20 05:00:00,6.8457391769620894
2023-03-20 06:00:00,8.314488293875124
2023-03-20 07:00:00,10.410674866439109
2023-03-20 08:00:00,44.188913874195045
2023-03-20 09:00:00,46.70239163961132
2023-03-20 10:00:00,65.12403152255621
2023-03-20 11:00:00,61.27422904182573
2023-03-20 12:00:00,61.22042354380385
2023-03-20 13:00:00,57.79195360114935
2023-03-20 14:00:00,50.08459929419435
2023-03-20 15:00:00,57.03085053991759
2023-03-20 16:00:00,48.74331320434422
2023-03-20 17:00:00,49.62053323055913
2023-03-20 18:00:00,36.926867276556706
2023-03-20 19:00:00,24.44169906101216
2023-03-20 20:00:00,7.8225905103514535
2023-03-20 21:00:00,4.62185012573607
2023-03-20 22:00:00,4.057013587274532
2023-03-20 23:00:00,4.057013587274532
2023-03-21 00:00:00,4.057013587274532
2023-03-21 01:00:00,4.057013587274532
2023-03-21 02:00:00,4.057013587274532
2023-03-21 03:00:00,4.057013587274532
2023-03-21 04:00:00,4.057013587274532
2023-03-21 05:00:00,8.353501682512626
2023-03-21 06:00:00,9.181217847926158
2023-03-21 07:00:00,30.08868052882592
2023-03-21 08:00:00,31.120808861097476
2023-03-21 09:00:00,46.436496291635464
2023-03-21 10:00:00,54.197404241591755
2023-03-21 11:00:00,57.05769817515998
2023-03-21 12:00:00,42.38146526987683
2023-03-21 13:00:00,36.44634939824584
2023-03-21 14:00:00,38.90974430255095
2023-03-21 15:00:00,45.22462918921596
2023-03-21 16:00:00,43.06719283874539
2023-03-21 17:00:00,27.004390001668092
2023-03-21 18:00:00,25.6684225782657
2023-03-21 19:00:00,21.72944471433408
2023-03-21 20:00:00,21.089538375956426
2023-03-21 21:00:00,7.8223877746769395
2023-03-21 22:00:00,4.04676066998488
2023-03-21 23:00:00,2.359692042533899
2023-03-22 00:00:00,2.359692042533899
2023-03-22 01:00:00,2.957199916549647
2023-03-22 02:00:00,8.334770782691379
2023-03-22 03:00:00,8.334770782691379
2023-03-22 04:00:00,9.97357333046208
2023-03-22 05:00:00,13.017063776321955
2023-03-22 06:00:00,15.224079649337828
2023-03-22 07:00:00,23.904594581773505
2023-03-22 08:00:00,28.896824608469004
2023-03-22 09:00:00,32.55175950014572
2023-03-22 10:00:00,40.6388150643135
2023-03-22 11:00:00,47.04328583308682
2023-03-22 12:00:00,62.11364144718017
2023-03-22 13:00:00,59.18975656955227
2023-03-22 14:00:00,52.64332713545787
2023-03-22 15:00:00,53.59367185490207
2023-03-22 16:00:00,28.627611062531788
2023-03-22 17:00:00,21.552541462487923
2023-03-22 18:00:00,22.193107015257475
2023-03-22 19:00:00,19.14714858553921
2023-03-22 20:00:00,17.73656695288615
2023-03-22 21:00:00,12.038776909596105
2023-03-22 22:00:00,5.774035993324386
2023-03-22 23:00:00,5.435642628395476
2023-03-23 00:00:00,5.435642628395476
2023-03-23 01:00:00,5.435642628395476
2023-03-23 02:00:00,5.435642628395476
2023-03-23 03:00:00,5.435642628395476
2023-03-23 04:00:00,5.435642628395476
2023-03-23 05:00:00,7.544090904257545
2023-03-23 06:00:00,9.953746076671338
2023-03-23 07:00:00,20.89955743412017
2023-03-23 08:00:00,37.26564249183283
2023-03-23 09:00:00,54.595368726146816
2023-03-23 10:00:00,69.51529952414695
2023-03-23 11:00:00,61.20995786536854
2023-03-23 12:00:00,44.68003981861816
2023-03-23 13:00:00,56.99456508362485
2023-03-23 14:00:00,75.89958168601935
2023-03-23 15:00:00,53.85222370062093
2023-03-23 16:00:00,32.724485114495295
2023-03-23 17:00:00,35.31352567479308
2023-03-23 18:00:00,41.11478564051186
2023-03-23 19:00:00,20.7701119191689
2023-03-23 20:00:00,13.959424381147539
2023-03-23 21:00:00,13.179114602690701
2023-03-23 22:00:00,6.395542696202988
2023-03-23 23:00:00,6.188386298098723
2023-03-24 00:00:00,6.188386298098723
2023-03-24 01:00:00,6.188386298098723
2023-03-24 02:00:00,6.188386298098723
2023-03-24 03:00:00,10.079143054855479
2023-03-24 04:00:00,11.376061973774396
2023-03-24 05:00:00,11.376061973774396
2023-03-24 06:00:00,10.192354454296181
2023-03-24 07:00:00,15.523768139037768
2023-03-24 08:00:00,28.31991782676877
2023-03-24 09:00:00,44.03045803590922
2023-03-24 10:00:00,59.61971230122006
2023-03-24 11:00:00,54.7017559835424
2023-03-24 12:00:00,59.36701823590613
2023-03-24 13:00:00,49.623580123202196
2023-03-24 14:00:00,41.281561177782386
2023-03-24 15:00:00,35.90803112102373
2023-03-24 16:00:00,27.001124702709163
2023-03-24 17:00:00,35.06197663066636
2023-03-24 18:00:00,24.84830694600922
2023-03-24 19:00:00,15.719876216250796
2023-03-24 20:00:00,10.106191422544281
2023-03-24 21:00:00,6.563946024627328
2023-03-24 22:00:00,3.8601802588615626
2023-03-24 23:00:00,3.8601802588615626
2023-03-25 00:00:00,3.8601802588615626
2023-03-25 01:00:00,3.8601802588615626
2023-03-25 02:00:00,3.8601802588615626
2023-03-25 03:00:00,3.8601802588615626
2023-03-25 04:00:00,3.8601802588615626
2023-03-25 05:00:00,6.141141797323101
2023-03-25 06:00:00,10.703064874246179
2023-03-25 07:00:00,5.818624938064065
2023-03-25 08:00:00,5.9177349563901975
2023-03-25 09:00:00,17.358930183762123
2023-03-25 10:00:00,31.45013613451599
2023-03-25 11:00:00,40.76912996836265
2023-03-25 12:00:00,26.633244258811644
2023-03-25 13:00:00,28.60370898595752
2023-03-25 14:00:00,39.943287239376026
2023-03-25 15:00:00,25.992364376179594
2023-03-25 16:00:00,23.47143211417386
2023-03-25 17:00:00,24.464760670573217
2023-03-25 18:00:00,33.43253748148098
2023-03-25 19:00:00,22.960958280151157
2023-03-25 20:00:00,20.406554379436958
2023-03-25 21:00:00,13.12519920767856
2023-03-25 22:00:00,3.8163687014413497
2023-03-25 23:00:00,1.8263687014413492
2023-03-26 00:00:00,1.8263687014413492
2023-03-26 01:00:00,3.356388232691349
2023-03-26 02:00:00,6.658009326441348
2023-03-26 03:00:00,6.658009326441348
2023-03-26 04:00:00,6.658009326441348
2023-03-26 05:00:00,9.186009326441349
2023-03-26 06:00:00,11.39800932644135
2023-03-26 07:00:00,16.012983839184976
2023-03-26 08:00:00,22.49545958125395
2023-03-26 09:00:00,34.03394153572362
2023-03-26 10:00:00,32.572848971227614
2023-03-26 11:00:00,29.384544117959546
2023-03-26 12:00:00,34.99287976514394
2023-03-26 13:00:00,26.880251242109612
2023-03-26 14:00:00,27.778621702376086
2023-03-26 15:00:00,19.622429289393907
2023-03-26 16:00:00,18.233972565445274
2023-03-26 17:00:00,21.82834639167171
2023-03-26 18:00:00,15.440169106358512
2023-03-26 19:00:00,26.561444130930898
2023-03-26 20:00:00,31.05051928813217
2023-03-26 21:00:00,15.390960619600634
2023-03-26 22:00:00,3.015478575620251
2023-03-26 23:00:00,2.1667726932673097
2023-03-27 00:00:00,2.1667726932673097
2023-03-27 01:00:00,2.1667726932673097
2023-03-27 02:00:00,2.1667726932673097
2023-03-27 03:00:00,2.1667726932673097
2023-03-27 04:00:00,2.1667726932673097
2023-03-27 05:00:00,12.021659079821934
2023-03-27 06:00:00,11.73551218906563
2023-03-27 07:00:00,8.83152800218333
2023-03-27 08:00:00,16.235884755702347
2023-03-27 09:00:00,16.953275569616565
2023-03-27 10:00:00,13.96957637930683
2023-03-27 11:00:00,13.101320047134541
2023-03-27 12:00:00,26.1084588597498
2023-03-27 13:00:00,22.591542321469863
2023-03-27 14:00:00,19.74764358702113
2023-03-27 15:00:00,18.193024225102818
2023-03-27 16:00:00,14.589328402939271
2023-03-27 17:00:00,10.814203681001048
2023-03-27 18:00:00,14.873516421738636
2023-03-27 19:00:00,9.37597469083668
2023-03-27 20:00:00,2.736604222189932
2023-03-27 21:00:00,1.805285540871251
2023-03-27 22:00:00,1.805285540871251
2023-03-27 23:00:00,1.805285540871251
2023-03-28 00:00:00,1.805285540871251
2023-03-28 01:00:00,1.805285540871251
2023-03-28 02:00:00,1.805285540871251
2023-03-28 03:00:00,1.805285540871251
2023-03-28 04:00:00,3.356861080439596
2023-03-28 05:00:00,6.704997771087078
2023-03-28 06:00:00,6.806938365146484
2023-03-28 07:00:00,8.82735754807197
2023-03-28 08:00:00,21.868606728112074
2023-03-28 09:00:00,29.688783307859726
2023-03-28 10:00:00,30.713809950977446
2023-03-28 11:00:00,45.44052121145802
2023-03-28 12:00:00,47.776679868617265
2023-03-28 13:00:00,31.678748531248758
2023-03-28 14:00:00,36.653972370756826
2023-03-28 15:00:00,37.55004641772092
2023-03-28 16:00:00,36.57061540880532
2023-03-28 17:00:00,15.784819180968615
2023-03-28 18:00:00,23.143023118308516
2023-03-28 19:00:00,20.131127695360526
2023-03-28 20:00:00,17.257798571516826
2023-03-28 21:00:00,15.54419298407811
2023-03-28 22:00:00,9.670571087533737
2023-03-28 23:00:00,5.884687875854905
2023-03-29 00:00:00,3.5313010145410364
2023-03-29 01:00:00,3.5313010145410364
2023-03-29 02:00:00,3.5313010145410364
2023-03-29 03:00:00,5.944854334460553
2023-03-29 04:00:00,9.101039445124536
2023-03-29 05:00:00,8.544144467955588
2023-03-29 06:00:00,9.312927748601883
2023-03-29 07:00:00,17.210091197718352
2023-03-29 08:00:00,37.08226151815391
2023-03-29 09:00:00,42.60714418990506
2023-03-29 10:00:00,37.978928577563586
2023-03-29 11:00:00,55.127134776761665
2023-03-29 12:00:00,36.06619423877845
2023-03-29 13:00:00,28.299609839949724
2023-03-29 14:00:00,35.89856142420492
2023-03-29 15:00:00,41.68964476362584
2023-03-29 16:00:00,50.52489027568835
2023-03-29 17:00:00,35.26662248652142
2023-03-29 18:00:00,28.85000722104823
2023-03-29 19:00:00,30.929572643948287
2023-03-29 20:00:00,13.372324185936101
2023-03-29 21:00:00,5.523150802804582
2023-03-29 22:00:00,8.948129267661336
2023-03-29 23:00:00,3.4577158061228754
2023-03-30 00:00:00,1.9390908061228758
2023-03-30 01:00:00,1.9390908061228758
2023-03-30 02:00:00,1.9390908061228758
2023-03-30 03:00:00,2.1311552452636873
2023-03-30 04:00:00,5.780379588939104
2023-03-30 05:00:00,5.780379588939104
2023-03-30 06:00:00,9.946346255605771
2023-03-30 07:00:00,13.465716493701008
2023-03-30 08:00:00,17.201000320299375
2023-03-30 09:00:00,17.984008834776265
2023-03-30 10:00:00,35.97464049069894
2023-03-30 11:00:00,37.68464649441393
2023-03-30 12:00:00,29.424168712968754
2023-03-30 13:00:00,29.291040823942115
2023-03-30 14:00:00,33.39139478144982
2023-03-30 15:00:00,23.910049258272622
2023-03-30 16:00:00,16.32199466393378
2023-03-30 17:00:00,15.182653268631963
2023-03-30 18:00:00,17.103452974434614
2023-03-30 19:00:00,19.098829093681587
2023-03-30 20:00:00,9.892233008820792
2023-03-30 21:00:00,4.2922850057487345
2023-03-30 22:00:00,11.87777069431759
2023-03-30 23:00:00,10.089980419810688
2023-03-31 00:00:00,3.205698618068871
2023-03-31 01:00:00,0.6638440726143259
2023-03-31 02:00:00,2.2872148591311796
2023-03-31 03:00:00,7.757798885708534
2023-03-31 04:00:00,6.071979826553559
2023-03-31 05:00:00,8.501133273797757
2023-03-31 06:00:00,10.044681660894533
2023-03-31 07:00:00,15.527445797998123
2023-03-31 08:00:00,13.808421445853448
2023-03-31 09:00:00,26.77744261002925
2023-03-31 10:00:00,32.54411272658441
2023-03-31 11:00:00,31.44298583817339
2023-03-31 12:00:00,31.59414953154276
2023-03-31 13:00:00,15.653297111006935
2023-03-31 14:00:00,10.914933475493738
2023-03-31 15:00:00,18.620588368482483
2023-03-31 16:00:00,15.711454298284862
2023-03-31 17:00:00,21.28457224650467
2023-03-31 18:00:00,41.138719509820596
2023-03-31 19:00:00,48.24156926404516
2023-03-31 20:00:00,28.437515148389583
2023-03-31 21:00:00,19.081402969191807
2023-03-31 22:00:00,13.630991428014344
2023-03-31 23:00:00,6.538328390229851
2023-04-01 00:00:00,6.538328390229851
2023-04-01 01:00:00,6.538328390229851
2023-04-01 02:00:00,6.538328390229851
2023-04-01 03:00:00,6.538328390229851
2023-04-01 04:00:00,6.538328390229851
2023-04-01 05:00:00,7.7947732003265715
2023-04-01 06:00:00,8.537801662851564
2023-04-01 07:00:00,8.454372496058062
2023-04-01 08:00:00,18.813355696999515
2023-04-01 09:00:00,29.349465966786816
2023-04-01 10:00:00,39.543502449823166
2023-04-01 11:00:00,41.77853055849528
2023-04-01 12:00:00,43.094868394881935
2023-04-01 13:00:00,32.86191737276895
2023-04-01 14:00:00,33.26485086846139
2023-04-01 15:00:00,39.30898281850952
2023-04-01 16:00:00,27.999569597556665
2023-04-01 17:00:00,48.20501479456742
2023-04-01 18:00:00,39.2364968833368
2023-04-01 19:00:00,27.616536164038372
2023-04-01 20:00:00,26.840681332919296
2023-04-01 21:00:00,20.270241510413506
2023-04-01 22:00:00,11.794815067419783
2023-04-01 23:00:00,15.3367809242387
2023-04-02 00:00:00,9.52646981312759
2023-04-02 01:00:00,9.111447590905367
2023-04-02 02:00:00,12.889447590905368
2023-04-02 03:00:00,9.111447590905367
2023-04-02 04:00:00,10.332068280560541
2023-04-02 05:00:00,12.669826901250197
2023-04-02 06:00:00,9.111447590905367
2023-04-02 07:00:00,14.771719169852737
2023-04-02 08:00:00,30.140252519609227
2023-04-02 09:00:00,29.851523226669904
2023-04-02 10:00:00,30.066510030486988
2023-04-02 11:00:00,24.622294266072636
2023-04-02 12:00:00,26.936732276454
2023-04-02 13:00:00,43.722620757463126
2023-04-02 14:00:00,44.82498357764226
2023-04-02 15:00:00,45.60409173043448
2023-04-02 16:00:00,24.859508716159475
2023-04-02 17:00:00,20.39551324826994
2023-04-02 18:00:00,18.509281992062174
2023-04-02 19:00:00,21.12785740291456
2023-04-02 20:00:00,22.60860644421752
2023-04-02 21:00:00,15.17652927714439
2023-04-02 22:00:00,8.959307742675756
2023-04-02 23:00:00,4.368823871708015
2023-04-03 00:00:00,4.368823871708015
2023-04-03 01:00:00,4.368823871708015
2023-04-03 02:00:00,4.368823871708015
2023-04-03 03:00:00,4.368823871708015
2023-04-03 04:00:00,4.368823871708015
2023-04-03 05:00:00,4.368823871708015
2023-04-03 06:00:00,6.576278417162561
2023-04-03 07:00:00,20.041116772814874
2023-04-03 08:00:00,28.038902888939685
2023-04-03 09:00:00,50.010689763707724
2023-04-03 10:00:00,57.07128686941397
2023-04-03 11:00:00,56.03765521891451
2023-04-03 12:00:00,53.73537824249276
2023-04-03 13:00:00,50.17562105614277
2023-04-03 14:00:00,39.73897809994669
2023-04-03 15:00:00,42.376194252450574
2023-04-03 16:00:00,32.22027783048798
2023-04-03 17:00:00,37.33039051232637
2023-04-03 18:00:00,30.865753397327214
2023-04-03 19:00:00,17.150151482557785
2023-04-03 20:00:00,10.579264249782845
2023-04-03 21:00:00,5.717351115161161
2023-04-03 22:00:00,2.098275124332469
2023-04-03 23:00:00,2.098275124332469
2023-04-04 00:00:00,2.098275124332469
2023-04-04 01:00:00,2.098275124332469
2023-04-04 02:00:00,2.098275124332469
2023-04-04 03:00:00,2.098275124332469
2023-04-04 04:00:00,6.089964132375364
2023-04-04 05:00:00,7.800687992965177
2023-04-04 06:00:00,9.421329674989627
2023-04-04 07:00:00,25.01742894511382
2023-04-04 08:00:00,24.928888890093194
2023-04-04 09:00:00,37.06813239764139
2023-04-04 10:00:00,34.84018479615401
2023-04-04 11:00:00,37.789436113418994
2023-04-04 12:00:00,53.027336057837715
2023-04-04 13:00:00,55.185027874366476
2023-04-04 14:00:00,36.63058670014735
2023-04-04 15:00:00,37.65778823784283
2023-04-04 16:00:00,42.26397262140877
2023-04-04 17:00:00,38.49899335647833
2023-04-04 18:00:00,38.26835326926017
2023-04-04 19:00:00,34.37400282763075
2023-04-04 20:00:00,19.5272314523274
2023-04-04 21:00:00,11.492023391635128
2023-04-04 22:00:00,10.330038939017971
2023-04-04 23:00:00,17.769592386588215
2023-04-05 00:00:00,19.088016629012458
2023-04-05 01:00:00,17.933073039268866
2023-04-05 02:00:00,15.9381704751663
2023-04-05 03:00:00,15.9381704751663
2023-04-05 04:00:00,15.9381704751663
2023-04-05 05:00:00,20.406284350862336
2023-04-05 06:00:00,28.413293300765584
2023-04-05 07:00:00,36.812400689218
2023-04-05 08:00:00,46.5982982143818
2023-04-05 09:00:00,72.71998833562725
2023-04-05 10:00:00,88.22010688758623
2023-04-05 11:00:00,83.02061753764735
2023-04-05 12:00:00,72.48872625454308
2023-04-05 13:00:00,60.25414978654926
2023-04-05 14:00:00,51.96904305090473
2023-04-05 15:00:00,47.747446030393164
2023-04-05 16:00:00,31.75627719774004
2023-04-05 17:00:00,25.469042753884555
2023-04-05 18:00:00,36.215145338425096
2023-04-05 19:00:00,33.408489376875444
2023-04-05 20:00:00,26.35833578741798
2023-04-05 21:00:00,30.20660924953146
2023-04-05 22:00:00,16.315133630224807
2023-04-05 23:00:00,10.857099323455031
2023-04-06 00:00:00,10.857099323455031
2023-04-06 01:00:00,10.857099323455031
2023-04-06 02:00:00,10.857099323455031
2023-04-06 03:00:00,10.857099323455031
2023-04-06 04:00:00,10.857099323455031
2023-04-06 05:00:00,12.585842442721086
2023-04-06 06:00:00,22.239642284640635
2023-04-06 07:00:00,22.50232545067314
2023-04-06 08:00:00,42.401895026724176
2023-04-06 09:00:00,54.420966432483816
2023-04-06 10:00:00,50.69885832163847
2023-04-06 11:00:00,58.52526928526693
2023-04-06 12:00:00,52.802061658409606
2023-04-06 13:00:00,50.626215497741214
2023-04-06 14:00:00,60.54693692621363
2023-04-06 15:00:00,38.44408553475555
2023-04-06 16:00:00,36.35125129857807
2023-04-06 17:00:00,37.930606719961816
2023-04-06 18:00:00,48.52011670337294
2023-04-06 19:00:00,39.4569673141729
2023-04-06 20:00:00,16.74898876198386
2023-04-06 21:00:00,4.149862383197043
2023-04-06 22:00:00,1.785740454887808
2023-04-06 23:00:00,1.785740454887808
2023-04-07 00:00:00,1.785740454887808
2023-04-07 01:00:00,1.785740454887808
2023-04-07 02:00:00,1.785740454887808
2023-04-07 03:00:00,5.918062133209486
2023-04-07 04:00:00,6.377208986356339
2023-04-07 05:00:00,10.03352813529251
2023-04-07 06:00:00,16.19664916320077
2023-04-07 07:00:00,30.406679450083843
2023-04-07 08:00:00,46.95591292820471
2023-04-07 09:00:00,57.0187999715264
2023-04-07 10:00:00,65.02656863582844
2023-04-07 11:00:00,88.927234766225
2023-04-07 12:00:00,75.87584466549164
2023-04-07 13:00:00,60.081335266555726
2023-04-07 14:00:00,31.095351473977278
2023-04-07 15:00:00,36.61796485930809
2023-04-07 16:00:00,47.57296889834168
2023-04-07 17:00:00,65.31685872832992
2023-04-07 18:00:00,71.71426964309043
2023-04-07 19:00:00,55.04110505293936
2023-04-07 20:00:00,26.227450106715832
2023-04-07 21:00:00,8.180553882282089
2023-04-07 22:00:00,4.0487450595985965
2023-04-07 23:00:00,4.954082296212857
2023-04-08 00:00:00,2.530788178565798
2023-04-08 01:00:00,0.30943523738932793
2023-04-08 02:00:00,0.30943523738932793
2023-04-08 03:00:00,0.30943523738932793
2023-04-08 04:00:00,0.30943523738932793
2023-04-08 05:00:00,0.4086502632960637
2023-04-08 06:00:00,9.933329597548868
2023-04-08 07:00:00,21.697560321201916
2023-04-08 08:00:00,34.581709720442106
2023-04-08 09:00:00,24.09252917810577
2023-04-08 10:00:00,44.21385570148406
2023-04-08 11:00:00,64.01997096856623
2023-04-08 12:00:00,46.80565080714702
2023-04-08 13:00:00,50.85505273611002
2023-04-08 14:00:00,33.64576930267969
2023-04-08 15:00:00,25.60688161267125
2023-04-08 16:00:00,23.64989295782897
2023-04-08 17:00:00,25.46066659295345
2023-04-08 18:00:00,26.048021052151594
2023-04-08 19:00:00,28.559730795055227
2023-04-08 20:00:00,29.36599982117734
2023-04-08 21:00:00,21.668979630936377
2023-04-08 22:00:00,7.096275535479002
2023-04-08 23:00:00,1.4914190225889066
2023-04-09 00:00:00,3.2244190225889064
2023-04-09 01:00:00,1.4914190225889066
2023-04-09 02:00:00,1.7438067776909474
2023-04-09 03:00:00,4.520072083813397
2023-04-09 04:00:00,4.520072083813397
2023-04-09 05:00:00,4.520072083813397
2023-04-09 06:00:00,4.520072083813397
2023-04-09 07:00:00,5.103428704883529
2023-04-09 08:00:00,12.301772832157235
2023-04-09 09:00:00,11.475258802858669
2023-04-09 10:00:00,25.70501612348546
2023-04-09 11:00:00,44.17105512475239
2023-04-09 12:00:00,41.04389400485124
2023-04-09 13:00:00,36.388557566076564
2023-04-09 14:00:00,40.511383754208246
2023-04-09 15:00:00,30.407847061889182
2023-04-09 16:00:00,19.995638241702405
2023-04-09 17:00:00,17.86545034565858
2023-04-09 18:00:00,26.95813295147249
2023-04-09 19:00:00,27.513862149067943
2023-04-09 20:00:00,14.926812987185873
2023-04-09 21:00:00,8.118256646229531
2023-04-09 22:00:00,5.8017477176581025
2023-04-09 23:00:00,7.217957856221725
2023-04-10 00:00:00,7.94463545185014
2023-04-10 01:00:00,7.94463545185014
2023-04-10 02:00:00,7.8410835392818345
2023-04-10 03:00:00,9.561119397115009
2023-04-10 04:00:00,10.741879727693522
2023-04-10 05:00:00,10.741879727693522
2023-04-10 06:00:00,16.74635947182998
2023-04-10 07:00:00,35.96638366009268
2023-04-10 08:00:00,41.374183480161165
2023-04-10 09:00:00,62.46291817780797
2023-04-10 10:00:00,55.65713058848572
2023-04-10 11:00:00,42.89835390854525
2023-04-10 12:00:00,36.90518402344901
2023-04-10 13:00:00,38.15727544945778
2023-04-10 14:00:00,50.73876553925875
2023-04-10 15:00:00,33.05005860699937
2023-04-10 16:00:00,32.64200473748007
2023-04-10 17:00:00,35.41274981420102
2023-04-10 18:00:00,26.82266528954785
2023-04-10 19:00:00,23.60804555479275
2023-04-10 20:00:00,21.118591760208815
2023-04-10 21:00:00,12.393459203200587
2023-04-10 22:00:00,8.813290285643642
2023-04-10 23:00:00,8.813290285643642
2023-04-11 00:00:00,8.813290285643642
2023-04-11 01:00:00,8.813290285643642
2023-04-11 02:00:00,8.813290285643642
2023-04-11 03:00:00,8.813290285643642
2023-04-11 04:00:00,8.813290285643642
2023-04-11 05:00:00,8.813290285643642
2023-04-11 06:00:00,10.53187720908111
2023-04-11 07:00:00,21.89289080810961
2023-04-11 08:00:00,29.962665132759597
2023-04-11 09:00:00,43.908198061178865
2023-04-11 10:00:00,50.628338164091105
2023-04-11 11:00:00,67.3574887821088
2023-04-11 12:00:00,53.03312362179064
2023-04-11 13:00:00,48.548344652617395
2023-04-11 14:00:00,28.01996147215777
2023-04-11 15:00:00,23.210922364027752
2023-04-11 16:00:00,28.343354958112357
2023-04-11 17:00:00,40.865979654589104
2023-04-11 18:00:00,63.13675537874612
2023-04-11 19:00:00,49.37096642049631
2023-04-11 20:00:00,41.54171056882585
2023-04-11 21:00:00,37.064152909953236
2023-04-11 22:00:00,33.41607152530381
2023-04-11 23:00:00,22.039614985033968
2023-04-12 00:00:00,14.463813914216503
2023-04-12 01:00:00,13.490406506809096
2023-04-12 02:00:00,18.208197467261073
2023-04-12 03:00:00,19.513118371215874
2023-04-12 04:00:00,19.513118371215874
2023-04-12 05:00:00,25.235441067095845
2023-04-12 06:00:00,29.97077888535231
2023-04-12 07:00:00,39.0351845771706
2023-04-12 08:00:00,27.11849436229164
2023-04-12 09:00:00,53.15737837179517
2023-04-12 10:00:00,58.08895806075281
2023-04-12 11:00:00,60.8191736731222
2023-04-12 12:00:00,53.21969560253933
2023-04-12 13:00:00,47.79431824770796
2023-04-12 14:00:00,44.78280903671005
2023-04-12 15:00:00,37.4365201777945
2023-04-12 16:00:00,28.81349826401314
2023-04-12 17:00:00,40.52589475938329
2023-04-12 18:00:00,58.30909257758114
2023-04-12 19:00:00,57.614934986186306
2023-04-12 20:00:00,40.52112843910669
2023-04-12 21:00:00,16.857696382988234
2023-04-12 22:00:00,3.454798401405088
2023-04-12 23:00:00,0.9389110022945625
2023-04-13 00:00:00,0.9389110022945625
2023-04-13 01:00:00,0.9389110022945625
2023-04-13 02:00:00,0.9389110022945625
2023-04-13 03:00:00,0.9389110022945625
2023-04-13 04:00:00,0.9389110022945625
2023-04-13 05:00:00,0.9389110022945625
2023-04-13 06:00:00,4.902706510733675
2023-04-13 07:00:00,16.215990030624642
2023-04-13 08:00:00,34.55985192954046
2023-04-13 09:00:00,58.83701384190276
2023-04-13 10:00:00,68.68978147916627
2023-04-13 11:00:00,64.84623939408961
2023-04-13 12:00:00,66.22912788040551
2023-04-13 13:00:00,39.10555895824114
2023-04-13 14:00:00,32.91698194499946
2023-04-13 15:00:00,26.640861827082716
2023-04-13 16:00:00,31.375651626373884
2023-04-13 17:00:00,27.962330216356055
2023-04-13 18:00:00,55.20461685897953
2023-04-13 19:00:00,52.30518204644124
2023-04-13 20:00:00,28.317359018678
2023-04-13 21:00:00,21.053888294216904
2023-04-13 22:00:00,10.72305224181886
2023-04-13 23:00:00,8.858205433308221
2023-04-14 00:00:00,8.858205433308221
2023-04-14 01:00:00,8.858205433308221
2023-04-14 02:00:00,8.858205433308221
2023-04-14 03:00:00,8.858205433308221
2023-04-14 04:00:00,8.858205433308221
2023-04-14 05:00:00,8.886328510231298
2023-04-14 06:00:00,7.777835546035041
2023-04-14 07:00:00,19.31100451231588
2023-04-14 08:00:00,33.09650057605943
2023-04-14 09:00:00,44.30593807496088
2023-04-14 10:00:00,45.41990053150756
2023-04-14 11:00:00,44.5301530676449
2023-04-14 12:00:00,62.52326949195292
2023-04-14 13:00:00,57.290677784483584
2023-04-14 14:00:00,51.03165882995566
2023-04-14 15:00:00,52.481639783592
2023-04-14 16:00:00,35.436857530501655
2023-04-14 17:00:00,21.58306125027441
2023-04-14 18:00:00,25.162743185760295
2023-04-14 19:00:00,26.894479676662993
2023-04-14 20:00:00,13.718894180743495
2023-04-14 21:00:00,5.92266270399467
2023-04-14 22:00:00,5.384480149186123
2023-04-14 23:00:00,4.071945265465192
2023-04-15 00:00:00,1.2277204592636428
2023-04-15 01:00:00,1.2244956530620925
2023-04-15 02:00:00,1.2244956530620925
2023-04-15 03:00:00,1.2244956530620925
2023-04-15 04:00:00,4.10249778981423
2023-04-15 05:00:00,7.178982832549273
2023-04-15 06:00:00,7.178982832549273
2023-04-15 07:00:00,10.30128232229206
2023-04-15 08:00:00,23.637561192263846
2023-04-15 09:00:00,30.126119047862044
2023-04-15 10:00:00,32.966333000208046
2023-04-15 11:00:00,43.06531282762883
2023-04-15 12:00:00,48.383833893551454
2023-04-15 13:00:00,41.37541342747863
2023-04-15 14:00:00,48.61326853948781
2023-04-15 15:00:00,42.76784764578492
2023-04-15 16:00:00,30.693006833699332
2023-04-15 17:00:00,43.47890896387246
2023-04-15 18:00:00,43.38459418490699
2023-04-15 19:00:00,39.10182043892138
2023-04-15 20:00:00,37.953565790294384
2023-04-15 21:00:00,24.919094857611967
2023-04-15 22:00:00,8.366938273451002
2023-04-15 23:00:00,4.47865970202243
2023-04-16 00:00:00,10.502113483535034
2023-04-16 01:00:00,10.604205920509823
2023-04-16 02:00:00,4.47865970202243
2023-04-16 03:00:00,4.47865970202243
2023-04-16 04:00:00,4.47865970202243
2023-04-16 05:00:00,4.47865970202243
2023-04-16 06:00:00,4.47865970202243
2023-04-16 07:00:00,10.80403947170802
2023-04-16 08:00:00,20.394800704926
2023-04-16 09:00:00,40.7776134606135
2023-04-16 10:00:00,54.55389486015204
2023-04-16 11:00:00,53.4163883049297
2023-04-16 12:00:00,54.293878046349555
2023-04-16 13:00:00,63.89071282269024
2023-04-16 14:00:00,54.05817814939241
2023-04-16 15:00:00,40.15565777092846
2023-04-16 16:00:00,32.89427481681115
2023-04-16 17:00:00,35.78388524918942
2023-04-16 18:00:00,38.7545369048405
2023-04-16 19:00:00,41.215875123999105
2023-04-16 20:00:00,33.81579692145168
2023-04-16 21:00:00,16.363070703594165
2023-04-16 22:00:00,10.282995663602723
2023-04-16 23:00:00,6.840381442793999
2023-04-17 00:00:00,8.906316926664967
2023-04-17 01:00:00,5.204849184729483
2023-04-17 02:00:00,5.58391836711942
2023-04-17 03:00:00,8.04786805265401
2023-04-17 04:00:00,8.04786805265401
2023-04-17 05:00:00,8.04786805265401
2023-04-17 06:00:00,14.660480494242796
2023-04-17 07:00:00,30.32312122154301
2023-04-17 08:00:00,46.8635849271199
2023-04-17 09:00:00,66.3672885631647
2023-04-17 10:00:00,66.65817847496278
2023-04-17 11:00:00,66.62105684154116
2023-04-17 12:00:00,54.98886006274516
2023-04-17 13:00:00,62.8444799937719
2023-04-17 14:00:00,47.495803613882316
2023-04-17 15:00:00,35.549328497592505
2023-04-17 16:00:00,41.09783669859336
2023-04-17 17:00:00,35.73476136238224
2023-04-17 18:00:00,28.68487044139679
2023-04-17 19:00:00,21.185528105464336
2023-04-17 20:00:00,14.609636929567735
2023-04-17 21:00:00,8.477430020644839
2023-04-17 22:00:00,4.871953356265981
2023-04-17 23:00:00,4.871953356265981
2023-04-18 00:00:00,4.871953356265981
2023-04-18 01:00:00,4.871953356265981
2023-04-18 02:00:00,4.871953356265981
2023-04-18 03:00:00,4.871953356265981
2023-04-18 04:00:00,4.871953356265981
2023-04-18 05:00:00,7.4617548090504835
2023-04-18 06:00:00,11.726784607588955
2023-04-18 07:00:00,31.77713164723822
2023-04-18 08:00:00,37.26337712144523
2023-04-18 09:00:00,62.98476050793395
2023-04-18 10:00:00,89.0461902986477
2023-04-18 11:00:00,84.9700674151682
2023-04-18 12:00:00,57.46482924861574
2023-04-18 13:00:00,44.935317242736666
2023-04-18 14:00:00,28.332065074169293
2023-04-18 15:00:00,33.141120920592094
2023-04-18 16:00:00,47.88861607729147
2023-04-18 17:00:00,46.57061633868162
2023-04-18 18:00:00,44.701025632357315
2023-04-18 19:00:00,28.248899133783848
2023-04-18 20:00:00,19.861232167561553
2023-04-18 21:00:00,9.260315642255614
2023-04-18 22:00:00,0.8196756547258351
2023-04-18 23:00:00,0.8196756547258351
2023-04-19 00:00:00,0.8196756547258351
2023-04-19 01:00:00,0.8196756547258351
2023-04-19 02:00:00,0.8196756547258351
2023-04-19 03:00:00,0.8196756547258351
2023-04-19 04:00:00,1.7057423213925016
2023-04-19 05:00:00,6.136075654725834
2023-04-19 06:00:00,13.332994242649319
2023-04-19 07:00:00,24.48046568174355
2023-04-19 08:00:00,37.03994361111527
2023-04-19 09:00:00,71.47374639401102
2023-04-19 10:00:00,74.54440691545638
2023-04-19 11:00:00,52.09422919425418
2023-04-19 12:00:00,31.68344999224751
2023-04-19 13:00:00,40.38727299431824
2023-04-19 14:00:00,31.853556266759746
2023-04-19 15:00:00,35.43693024069954
2023-04-19 16:00:00,23.367656987210516
2023-04-19 17:00:00,24.510469709724955
2023-04-19 18:00:00,20.01198289831566
2023-04-19 19:00:00,10.003174177872543
2023-04-19 20:00:00,10.315851745918533
2023-04-19 21:00:00,11.740535147305327
2023-04-19 22:00:00,7.239024225883776
2023-04-19 23:00:00,5.610252073985041
2023-04-20 00:00:00,5.610252073985041
2023-04-20 01:00:00,5.610252073985041
2023-04-20 02:00:00,5.610252073985041
2023-04-20 03:00:00,5.610252073985041
2023-04-20 04:00:00,5.610252073985041
2023-04-20 05:00:00,5.71721097809463
2023-04-20 06:00:00,13.413816438508817
2023-04-20 07:00:00,21.94533479182921
2023-04-20 08:00:00,36.08849525539757
2023-04-20 09:00:00,41.590384257963244
2023-04-20 10:00:00,43.49117768542734
2023-04-20 11:00:00,47.29870529732298
2023-04-20 12:00:00,52.505281373086426
2023-04-20 13:00:00,50.849470635286075
2023-04-20 14:00:00,45.24572194021222
2023-04-20 15:00:00,42.95876104140587
2023-04-20 16:00:00,30.343618341913988
2023-04-20 17:00:00,32.879723999894175
2023-04-20 18:00:00,32.65722108074157
2023-04-20 19:00:00,21.90689050404798
2023-04-20 20:00:00,16.163010966621684
2023-04-20 21:00:00,10.753066800105795
2023-04-20 22:00:00,7.953362752753373
2023-04-20 23:00:00,3.692298922966139
2023-04-21 00:00:00,6.541734820402037
2023-04-21 01:00:00,6.639991230658447
2023-04-21 02:00:00,5.559170717837934
2023-04-21 03:00:00,3.692298922966139
2023-04-21 04:00:00,3.692298922966139
2023-04-21 05:00:00,3.692298922966139
2023-04-21 06:00:00,3.4473728713462286
2023-04-21 07:00:00,16.15011276718522
2023-04-21 08:00:00,10.762286661322982
2023-04-21 09:00:00,30.39024870725374
2023-04-21 10:00:00,40.56952830444467
2023-04-21 11:00:00,44.20146439470994
2023-04-21 12:00:00,51.080213057635085
2023-04-21 13:00:00,48.24304249703966
2023-04-21 14:00:00,60.54956450566137
2023-04-21 15:00:00,56.14212025958116
2023-04-21 16:00:00,63.243009219856944
2023-04-21 17:00:00,45.427810986872444
2023-04-21 18:00:00,25.878970274219714
2023-04-21 19:00:00,35.11770785241644
2023-04-21 20:00:00,25.915576057579464
2023-04-21 21:00:00,18.28060666521646
2023-04-21 22:00:00,14.400947830857326
2023-04-21 23:00:00,6.516438967767739
2023-04-22 00:00:00,4.266163265390461
2023-04-22 01:00:00,4.266163265390461
2023-04-22 02:00:00,4.266163265390461
2023-04-22 03:00:00,4.266163265390461
2023-04-22 04:00:00,4.266163265390461
2023-04-22 05:00:00,6.625060826366072
2023-04-22 06:00:00,7.636016923927048
2023-04-22 07:00:00,5.981097009737972
2023-04-22 08:00:00,18.173012926218174
2023-04-22 09:00:00,42.98779973581483
2023-04-22 10:00:00,34.02030706186239
2023-04-22 11:00:00,45.169056063802046
2023-04-22 12:00:00,45.92777067280288
2023-04-22 13:00:00,47.79303153164373
2023-04-22 14:00:00,49.46454634237248
2023-04-22 15:00:00,38.408732890953175
2023-04-22 16:00:00,31.295377069542692
2023-04-22 17:00:00,25.194913038366483
2023-04-22 18:00:00,21.054156150857672
2023-04-22 19:00:00,24.188942045976003
2023-04-22 20:00:00,18.253804252531854
2023-04-22 21:00:00,4.4444280721210365
2023-04-22 22:00:00,3.328527198465123
2023-04-22 23:00:00,3.2220063651317896
2023-04-23 00:00:00,0.718766781798456
2023-04-23 01:00:00,0.718766781798456
2023-04-23 02:00:00,0.718766781798456
2023-04-23 03:00:00,2.753568308516013
2023-04-23 04:00:00,6.6935759421037995
2023-04-23 05:00:00,6.6935759421037995
2023-04-23 06:00:00,4.676081309470211
2023-04-23 07:00:00,7.163731379700554
2023-04-23 08:00:00,32.80751313190046
2023-04-23 09:00:00,40.74458566316549
2023-04-23 10:00:00,38.29365652697904
2023-04-23 11:00:00,51.7308702106407
2023-04-23 12:00:00,77.85713134558796
2023-04-23 13:00:00,86.24565381718583
2023-04-23 14:00:00,81.0437183801626
2023-04-23 15:00:00,64.40945196392504
2023-04-23 16:00:00,45.6628450094401
2023-04-23 17:00:00,45.78622400568877
2023-04-23 18:00:00,33.01743616466965
2023-04-23 19:00:00,30.89275205850522
2023-04-23 20:00:00,18.940470753612587
2023-04-23 21:00:00,12.254620805586267
2023-04-23 22:00:00,11.127660021272542
2023-04-23 23:00:00,6.107561982056854
2023-04-24 00:00:00,6.107561982056854
2023-04-24 01:00:00,7.0331175376124095
2023-04-24 02:00:00,6.848006426501298
2023-04-24 03:00:00,6.107561982056854
2023-04-24 04:00:00,6.107561982056854
2023-04-24 05:00:00,6.107561982056854
2023-04-24 06:00:00,7.743250387853956
2023-04-24 07:00:00,18.763392375669273
2023-04-24 08:00:00,43.93606652498006
2023-04-24 09:00:00,57.44461309332095
2023-04-24 10:00:00,66.17512164943311
2023-04-24 11:00:00,66.70623907198234
2023-04-24 12:00:00,65.57217786649501
2023-04-24 13:00:00,65.5238962498745
2023-04-24 14:00:00,56.957846347884164
2023-04-24 15:00:00,50.704725716186594
2023-04-24 16:00:00,52.05571654494981
2023-04-24 17:00:00,45.60399279519816
2023-04-24 18:00:00,38.5670314434796
2023-04-24 19:00:00,42.417282052585016
2023-04-24 20:00:00,40.427459847921284
2023-04-24 21:00:00,24.714441414932544
2023-04-24 22:00:00,7.684286044603457
2023-04-24 23:00:00,10.468322983280425
2023-04-25 00:00:00,6.487102799794187
2023-04-25 01:00:00,4.343368854840058
2023-04-25 02:00:00,4.343368854840058
2023-04-25 03:00:00,4.343368854840058
2023-04-25 04:00:00,4.343368854840058
2023-04-25 05:00:00,6.56776808708574
2023-04-25 06:00:00,13.722337786104534
2023-04-25 07:00:00,21.15813100703302
2023-04-25 08:00:00,24.638123096222262
2023-04-25 09:00:00,61.34793651290762
2023-04-25 10:00:00,62.530229769321274
2023-04-25 11:00:00,62.98653914813645
2023-04-25 12:00:00,58.01200021902452
2023-04-25 13:00:00,41.77024378907717
2023-04-25 14:00:00,23.001655145456418
2023-04-25 15:00:00,23.26182028335518
2023-04-25 16:00:00,23.096195559224185
2023-04-25 17:00:00,28.254046217339642
2023-04-25 18:00:00,26.411470796772857
2023-04-25 19:00:00,12.487442624790974
2023-04-25 20:00:00,14.281768668207715
2023-04-25 21:00:00,15.573484894231694
2023-04-25 22:00:00,12.230452652412461
2023-04-25 23:00:00,3.6042128638179167
2023-04-26 00:00:00,3.6042128638179167
2023-04-26 01:00:00,3.6042128638179167
2023-04-26 02:00:00,3.6042128638179167
2023-04-26 03:00:00,3.6042128638179167
2023-04-26 04:00:00,3.6042128638179167
2023-04-26 05:00:00,4.814715710117727
2023-04-26 06:00:00,10.028058300558838
2023-04-26 07:00:00,26.902258397753318
2023-04-26 08:00:00,54.57058507228518
2023-04-26 09:00:00,55.671461795154386
2023-04-26 10:00:00,68.15534797735764
2023-04-26 11:00:00,78.10757368656704
2023-04-26 12:00:00,63.80346657191285
2023-04-26 13:00:00,52.916662998436564
2023-04-26 14:00:00,58.50701932746375
2023-04-26 15:00:00,56.42174209106968
2023-04-26 16:00:00,36.376869490219406
2023-04-26 17:00:00,31.13654259991605
2023-04-26 18:00:00,35.36913038439019
2023-04-26 19:00:00,23.241210616842615
2023-04-26 20:00:00,16.373899927504404
2023-04-26 21:00:00,6.5371933605369925
2023-04-26 22:00:00,5.192349249995208
2023-04-26 23:00:00,6.10752756324822
2023-04-27 00:00:00,6.10752756324822
2023-04-27 01:00:00,6.10752756324822
2023-04-27 02:00:00,6.10752756324822
2023-04-27 03:00:00,6.10752756324822
2023-04-27 04:00:00,6.10752756324822
2023-04-27 05:00:00,4.436332382525328
2023-04-27 06:00:00,8.873216503459966
2023-04-27 07:00:00,22.00483496945519
2023-04-27 08:00:00,31.89246816319982
2023-04-27 09:00:00,35.12968724335442
2023-04-27 10:00:00,40.30024728354135
2023-04-27 11:00:00,29.158199434521553
2023-04-27 12:00:00,37.534487064928896
2023-04-27 13:00:00,52.196459384572584
2023-04-27 14:00:00,63.39814538871948
2023-04-27 15:00:00,49.78525544174501
2023-04-27 16:00:00,32.81473650214564
2023-04-27 17:00:00,31.399784557130015
2023-04-27 18:00:00,40.915906700875134
2023-04-27 19:00:00,31.729992242966038
2023-04-27 20:00:00,13.567374252170683
2023-04-27 21:00:00,12.661511238472054
2023-04-27 22:00:00,12.661511238472054
2023-04-27 23:00:00,5.58097790513872
2023-04-28 00:00:00,5.58097790513872
2023-04-28 01:00:00,5.58097790513872
2023-04-28 02:00:00,5.58097790513872
2023-04-28 03:00:00,5.58097790513872
2023-04-28 04:00:00,5.58097790513872
2023-04-28 05:00:00,5.58097790513872
2023-04-28 06:00:00,8.469267288474335
2023-04-28 07:00:00,22.60756454592558
2023-04-28 08:00:00,43.87348734744017
2023-04-28 09:00:00,54.997559075948224
2023-04-28 10:00:00,62.56220259631307
2023-04-28 11:00:00,52.16683002040015
2023-04-28 12:00:00,66.15972774743474
2023-04-28 13:00:00,53.52456413888336
2023-04-28 14:00:00,54.97409845246097
2023-04-28 15:00:00,39.326329596106724
2023-04-28 16:00:00,51.9940916657954
2023-04-28 17:00:00,63.73670336717938
2023-04-28 18:00:00,64.42762601322163
2023-04-28 19:00:00,44.5032425694184
2023-04-28 20:00:00,34.27202959489657
2023-04-28 21:00:00,27.751525475044062
2023-04-28 22:00:00,17.76480943502056
2023-04-28 23:00:00,16.12607525930335
2023-04-29 00:00:00,16.65027669815227
2023-04-29 01:00:00,15.220636410382488
2023-04-29 02:00:00,13.790996122612706
2023-04-29 03:00:00,13.790996122612706
2023-04-29 04:00:00,13.790996122612706
2023-04-29 05:00:00,13.790996122612706
2023-04-29 06:00:00,12.750603154670616
2023-04-29 07:00:00,14.246596480731007
2023-04-29 08:00:00,17.019895599528752
2023-04-29 09:00:00,37.78638234461456
2023-04-29 10:00:00,55.591534055872984
2023-04-29 11:00:00,48.70610531470984
2023-04-29 12:00:00,49.32398100502958
2023-04-29 13:00:00,64.67803122789476
2023-04-29 14:00:00,60.38918737606905
2023-04-29 15:00:00,48.133053015131836
2023-04-29 16:00:00,41.71074174085197
2023-04-29 17:00:00,42.975191101297064
2023-04-29 18:00:00,47.72365653039029
2023-04-29 19:00:00,53.32735759174004
2023-04-29 20:00:00,34.55271947380726
2023-04-29 21:00:00,19.619045207608476
2023-04-29 22:00:00,8.88888737309994
2023-04-29 23:00:00,2.574040638637503
2023-04-30 00:00:00,2.574040638637503
2023-04-30 01:00:00,2.574040638637503
2023-04-30 02:00:00,2.574040638637503
2023-04-30 03:00:00,2.574040638637503
2023-04-30 04:00:00,2.574040638637503
2023-04-30 05:00:00,2.574040638637503
2023-04-30 06:00:00,4.523819315108091
2023-04-30 07:00:00,10.564770813540019
2023-04-30 08:00:00,17.031783782258547
2023-04-30 09:00:00,29.141820952053813
2023-04-30 10:00:00,26.971296823737937
2023-04-30 11:00:00,31.47255834235498
2023-04-30 12:00:00,28.27897318278981
2023-04-30 13:00:00,36.99838806996103
2023-04-30 14:00:00,34.905543834141824
2023-04-30 15:00:00,30.3540614872711
2023-04-30 16:00:00,23.61897257880498
2023-04-30 17:00:00,28.451240387495567
2023-04-30 18:00:00,45.72697274525671
2023-04-30 19:00:00,37.309305733545976
2023-04-30 20:00:00,28.47371881583992
2023-04-30 21:00:00,25.83354075892782
2023-04-30 22:00:00,15.625357156736948
2023-04-30 23:00:00,8.750198081856995
2023-05-01 00:00:00,8.750198081856995
2023-05-01 01:00:00,8.750198081856995
2023-05-01 02:00:00,8.714216453334497
2023-05-01 03:00:00,8.411374744409931
2023-05-01 04:00:00,8.401191893756893
2023-05-01 05:00:00,8.401191893756893
2023-05-01 06:00:00,14.371931663123334
2023-05-01 07:00:00,34.27737024591101
2023-05-01 08:00:00,50.37244970485138
2023-05-01 09:00:00,55.80344931690482
2023-05-01 10:00:00,57.1348863913321
2023-05-01 11:00:00,61.436055937209325
2023-05-01 12:00:00,47.71477390840806
2023-05-01 13:00:00,32.88865622952623
2023-05-01 14:00:00,36.562910190998295
2023-05-01 15:00:00,50.04456688003336
2023-05-01 16:00:00,35.700163318245735
2023-05-01 17:00:00,33.034320451975816
2023-05-01 18:00:00,36.3551101092602
2023-05-01 19:00:00,27.914271640900697
2023-05-01 20:00:00,15.122430906718161
2023-05-01 21:00:00,3.2238010601716476
2023-05-01 22:00:00,1.3275424635468533
2023-05-01 23:00:00,1.3275424635468533
2023-05-02 00:00:00,1.3275424635468533
2023-05-02 01:00:00,1.3275424635468533
2023-05-02 02:00:00,1.3275424635468533
2023-05-02 03:00:00,1.3275424635468533
2023-05-02 04:00:00,1.3275424635468533
2023-05-02 05:00:00,1.3275424635468533
2023-05-02 06:00:00,1.753371699427252
2023-05-02 07:00:00,16.319599137379175
2023-05-02 08:00:00,37.29875808973655
2023-05-02 09:00:00,49.163725307528566
2023-05-02 10:00:00,53.63578020243576
2023-05-02 11:00:00,66.08854703349257
2023-05-02 12:00:00,62.49248227668393
2023-05-02 13:00:00,49.67240022310979
2023-05-02 14:00:00,52.111676731260715
2023-05-02 15:00:00,60.41391149397103
2023-05-02 16:00:00,59.628267441721654
2023-05-02 17:00:00,41.15500036024955
2023-05-02 18:00:00,44.96615503225812
2023-05-02 19:00:00,49.09052626024759
2023-05-02 20:00:00,34.75232875764749
2023-05-02 21:00:00,18.846051551171406
2023-05-02 22:00:00,9.881599048677836
2023-05-02 23:00:00,7.391513578592367
2023-05-03 00:00:00,7.391513578592367
2023-05-03 01:00:00,7.391513578592367
2023-05-03 02:00:00,7.391513578592367
2023-05-03 03:00:00,7.391513578592367
2023-05-03 04:00:00,7.391513578592367
2023-05-03 05:00:00,7.982720475144091
2023-05-03 06:00:00,13.119525748977761
2023-05-03 07:00:00,5.9132420677111615
2023-05-03 08:00:00,24.00804729335041
2023-05-03 09:00:00,57.84892082490534
2023-05-03 10:00:00,78.00723382684545
2023-05-03 11:00:00,83.05691070521752
2023-05-03 12:00:00,58.95915981832561
2023-05-03 13:00:00,57.52087291005775
2023-05-03 14:00:00,51.16119677308171
2023-05-03 15:00:00,47.32613771969612
2023-05-03 16:00:00,48.33435646683604
2023-05-03 17:00:00,49.48229137894826
2023-05-03 18:00:00,59.609383784065244
2023-05-03 19:00:00,65.39710794351063
2023-05-03 20:00:00,31.062251877684968
2023-05-03 21:00:00,14.169344202885474
2023-05-03 22:00:00,6.113642087795084
2023-05-03 23:00:00,5.706642087795084
2023-05-04 00:00:00,5.706642087795084
2023-05-04 01:00:00,5.706642087795084
2023-05-04 02:00:00,5.706642087795084
2023-05-04 03:00:00,5.706642087795084
2023-05-04 04:00:00,5.706642087795084
2023-05-04 05:00:00,7.461734680387677
2023-05-04 06:00:00,11.691140372563714
2023-05-04 07:00:00,18.09668394746496
2023-05-04 08:00:00,28.810107215879054
2023-05-04 09:00:00,45.12869121323165
2023-05-04 10:00:00,53.64711758646999
2023-05-04 11:00:00,44.150679660209676
2023-05-04 12:00:00,44.57127996017238
2023-05-04 13:00:00,41.26422497958809
2023-05-04 14:00:00,40.74350401685632
2023-05-04 15:00:00,47.18399895888407
2023-05-04 16:00:00,52.156548445969555
2023-05-04 17:00:00,37.122537815444865
2023-05-04 18:00:00,38.824796725275405
2023-05-04 19:00:00,24.47704843647261
2023-05-04 20:00:00,11.471016945342585
2023-05-04 21:00:00,2.9995952007071875
2023-05-04 22:00:00,1.713554841962793
2023-05-04 23:00:00,1.713554841962793
2023-05-05 00:00:00,2.468554841962793
2023-05-05 01:00:00,1.713554841962793
2023-05-05 02:00:00,1.713554841962793
2023-05-05 03:00:00,1.713554841962793
2023-05-05 04:00:00,1.713554841962793
2023-05-05 05:00:00,1.713554841962793
2023-05-05 06:00:00,1.713554841962793
2023-05-05 07:00:00,10.687667804368807
2023-05-05 08:00:00,25.883285035100045
2023-05-05 09:00:00,54.63878051260821
2023-05-05 10:00:00,63.41016322172737
2023-05-05 11:00:00,48.85719550796856
2023-05-05 12:00:00,68.84261957800824
2023-05-05 13:00:00,60.14320637064546
2023-05-05 14:00:00,51.00982855568172
2023-05-05 15:00:00,36.12300035478436
2023-05-05 16:00:00,28.781393242210324
2023-05-05 17:00:00,30.37190817945651
2023-05-05 18:00:00,54.85287728526306
2023-05-05 19:00:00,51.342669153663756
2023-05-05 20:00:00,30.502886604715158
2023-05-05 21:00:00,16.001941205348494
2023-05-05 22:00:00,10.275934292073975
2023-05-05 23:00:00,9.67032989646958
2023-05-06 00:00:00,9.67032989646958
2023-05-06 01:00:00,9.67032989646958
2023-05-06 02:00:00,9.67032989646958
2023-05-06 03:00:00,9.67032989646958
2023-05-06 04:00:00,9.67032989646958
2023-05-06 05:00:00,14.215885452025136
2023-05-06 06:00:00,16.668722230983487
2023-05-06 07:00:00,23.36540668726814
2023-05-06 08:00:00,23.08916872004117
2023-05-06 09:00:00,35.869084078727
2023-05-06 10:00:00,61.21293598791502
2023-05-06 11:00:00,53.90994324370219
2023-05-06 12:00:00,53.70426107169233
2023-05-06 13:00:00,58.53559425380092
2023-05-06 14:00:00,47.01224549185804
2023-05-06 15:00:00,47.88324656274468
2023-05-06 16:00:00,54.67622117408532
2023-05-06 17:00:00,51.71198079335455
2023-05-06 18:00:00,41.44635684523487
2023-05-06 19:00:00,38.73666255370863
2023-05-06 20:00:00,37.41988012003895
2023-05-06 21:00:00,19.39936357659733
2023-05-06 22:00:00,29.706664630987206
2023-05-06 23:00:00,24.5525383776986
2023-05-07 00:00:00,9.44367102260609
2023-05-07 01:00:00,7.758492940414309
2023-05-07 02:00:00,3.8264107486334877
2023-05-07 03:00:00,3.8264107486334877
2023-05-07 04:00:00,3.8264107486334877
2023-05-07 05:00:00,3.8264107486334877
2023-05-07 06:00:00,3.6765622559099946
2023-05-07 07:00:00,9.983151801874541
2023-05-07 08:00:00,24.735368261142998
2023-05-07 09:00:00,35.94784072460158
2023-05-07 10:00:00,33.64342365162533
2023-05-07 11:00:00,28.63318619642871
2023-05-07 12:00:00,34.07062988654947
2023-05-07 13:00:00,23.564447731901115
2023-05-07 14:00:00,37.63265914255015
2023-05-07 15:00:00,44.51969432446358
2023-05-07 16:00:00,21.35770651017315
2023-05-07 17:00:00,18.01229633351145
2023-05-07 18:00:00,36.1515587368935
2023-05-07 19:00:00,34.612777925671125
2023-05-07 20:00:00,20.251867326915004
2023-05-07 21:00:00,13.330889826606422
2023-05-07 22:00:00,15.90743117998988
2023-05-07 23:00:00,13.826378548410933
2023-05-08 00:00:00,9.961566518335745
2023-05-08 01:00:00,9.961566518335745
2023-05-08 02:00:00,9.961566518335745
2023-05-08 03:00:00,9.961566518335745
2023-05-08 04:00:00,9.961566518335745
2023-05-08 05:00:00,10.21502106379029
2023-05-08 06:00:00,16.212267470468262
2023-05-08 07:00:00,25.054812644680656
2023-05-08 08:00:00,40.03813093274549
2023-05-08 09:00:00,40.15030777598809
2023-05-08 10:00:00,47.68235491278352
2023-05-08 11:00:00,62.25696405689614
2023-05-08 12:00:00,62.89399045010933
2023-05-08 13:00:00,51.83302269505274
2023-05-08 14:00:00,46.35079364786085
2023-05-08 15:00:00,45.95701942629449
2023-05-08 16:00:00,29.15851647026966
2023-05-08 17:00:00,45.125372957938964
2023-05-08 18:00:00,46.25997227994323
2023-05-08 19:00:00,23.528925110535198
2023-05-08 20:00:00,9.511474057679871
2023-05-08 21:00:00,3.0283545501512563
2023-05-08 22:00:00,2.462999711441579
2023-05-08 23:00:00,2.462999711441579
2023-05-09 00:00:00,2.462999711441579
2023-05-09 01:00:00,2.462999711441579
2023-05-09 02:00:00,2.462999711441579
2023-05-09 03:00:00,2.462999711441579
2023-05-09 04:00:00,2.462999711441579
2023-05-09 05:00:00,2.9396663781082455
2023-05-09 06:00:00,10.268348430598168
2023-05-09 07:00:00,17.05661715268544
2023-05-09 08:00:00,43.23605421200463
2023-05-09 09:00:00,46.31688495567463
2023-05-09 10:00:00,49.14800488911038
2023-05-09 11:00:00,53.42735446390267
2023-05-09 12:00:00,45.057710789562634
2023-05-09 13:00:00,37.61791664085855
2023-05-09 14:00:00,38.60237195459052
2023-05-09 15:00:00,47.73179138405473
2023-05-09 16:00:00,34.84398680347126
2023-05-09 17:00:00,39.74418773834356
2023-05-09 18:00:00,42.18481474737083
2023-05-09 19:00:00,34.32770641072394
2023-05-09 20:00:00,31.827720866146592
2023-05-09 21:00:00,18.05594417207
2023-05-09 22:00:00,13.230962282865452
2023-05-09 23:00:00,10.099389993708826
2023-05-10 00:00:00,9.39638396961244
2023-05-10 01:00:00,9.39638396961244
2023-05-10 02:00:00,9.39638396961244
2023-05-10 03:00:00,9.39638396961244
2023-05-10 04:00:00,9.39638396961244
2023-05-10 05:00:00,9.39638396961244
2023-05-10 06:00:00,14.96988396961244
2023-05-10 07:00:00,13.813358178204403
2023-05-10 08:00:00,24.995081935491044
2023-05-10 09:00:00,36.507497530424885
2023-05-10 10:00:00,41.85269064176139
2023-05-10 11:00:00,45.36416795381732
2023-05-10 12:00:00,48.55808852148225
2023-05-10 13:00:00,46.30607977693869
2023-05-10 14:00:00,39.24694048208602
2023-05-10 15:00:00,26.634832908286587
2023-05-10 16:00:00,36.201940525459264
2023-05-10 17:00:00,37.17021820706063
2023-05-10 18:00:00,41.73106047315197
2023-05-10 19:00:00,34.06713364210202
2023-05-10 20:00:00,9.268582202410517
2023-05-10 21:00:00,7.103113945904806
2023-05-10 22:00:00,7.103113945904806
2023-05-10 23:00:00,7.103113945904806
2023-05-11 00:00:00,7.103113945904806
2023-05-11 01:00:00,7.103113945904806
2023-05-11 02:00:00,7.103113945904806
2023-05-11 03:00:00,7.103113945904806
2023-05-11 04:00:00,7.676580612571471
2023-05-11 05:00:00,8.331971088761946
2023-05-11 06:00:00,8.074009441034674
2023-05-11 07:00:00,11.631068291763864
2023-05-11 08:00:00,33.63590476321505
2023-05-11 09:00:00,43.69170136721964
2023-05-11 10:00:00,51.43616464935249
2023-05-11 11:00:00,51.61733216047777
2023-05-11 12:00:00,46.71483608083943
2023-05-11 13:00:00,48.7691016969188
2023-05-11 14:00:00,62.11595255158822
2023-05-11 15:00:00,54.009646380865426
2023-05-11 16:00:00,39.647712382587464
2023-05-11 17:00:00,32.94459406831143
2023-05-11 18:00:00,32.37353362475294
2023-05-11 19:00:00,26.569881913824066
2023-05-11 20:00:00,14.661072850314067
2023-05-11 21:00:00,9.899541034028694
2023-05-11 22:00:00,8.735353510942893
2023-05-11 23:00:00,8.484959810155493
2023-05-12 00:00:00,8.484959810155493
2023-05-12 01:00:00,8.484959810155493
2023-05-12 02:00:00,8.484959810155493
2023-05-12 03:00:00,8.484959810155493
2023-05-12 04:00:00,8.484959810155493
2023-05-12 05:00:00,8.463829630138937
2023-05-12 06:00:00,8.218104986044132
2023-05-12 07:00:00,12.571323716393206
2023-05-12 08:00:00,25.457680635214725
2023-05-12 09:00:00,56.395037151496716
2023-05-12 10:00:00,62.811453380977326
2023-05-12 11:00:00,62.72838196709837
2023-05-12 12:00:00,70.75850507599003
2023-05-12 13:00:00,63.75565490132839
2023-05-12 14:00:00,55.753352408357024
2023-05-12 15:00:00,55.72612450901883
2023-05-12 16:00:00,40.0178111269195
2023-05-12 17:00:00,26.110679720444363
2023-05-12 18:00:00,37.758225679840706
2023-05-12 19:00:00,23.70926663434607
2023-05-12 20:00:00,1.528089053224308
2023-05-12 21:00:00,6.496575172456745
2023-05-12 22:00:00,8.65810971791129
2023-05-12 23:00:00,3.1225697179112912
2023-05-13 00:00:00,3.1225697179112912
2023-05-13 01:00:00,2.430206081547655
2023-05-13 02:00:00,0.5262060815476549
2023-05-13 03:00:00,0.5262060815476549
2023-05-13 04:00:00,0.6523237286064785
2023-05-13 05:00:00,1.4720884344888316
2023-05-13 06:00:00,6.992701981960606
2023-05-13 07:00:00,16.996642704770718
2023-05-13 08:00:00,27.931927882284697
2023-05-13 09:00:00,32.186906209354284
2023-05-13 10:00:00,36.55969136219798
2023-05-13 11:00:00,34.710534424687786
2023-05-13 12:00:00,43.900129907492605
2023-05-13 13:00:00,54.359775580020994
2023-05-13 14:00:00,55.57190320428755
2023-05-13 15:00:00,36.94667750175674
2023-05-13 16:00:00,29.603957255640548
2023-05-13 17:00:00,34.745082056995265
2023-05-13 18:00:00,39.78584885779104
2023-05-13 19:00:00,30.39322644957584
2023-05-13 20:00:00,11.25917285758337
2023-05-13 21:00:00,10.127621360828103
2023-05-13 22:00:00,10.472434951278057
2023-05-13 23:00:00,5.704856438881362
2023-05-14 00:00:00,4.634583711608634
2023-05-14 01:00:00,4.634583711608634
2023-05-14 02:00:00,4.634583711608634
2023-05-14 03:00:00,4.634583711608634
2023-05-14 04:00:00,4.634583711608634
2023-05-14 05:00:00,4.634583711608634
2023-05-14 06:00:00,2.909434011009832
2023-05-14 07:00:00,3.8506277635048414
2023-05-14 08:00:00,22.37640717131183
2023-05-14 09:00:00,25.903785856165406
2023-05-14 10:00:00,27.808067863262153
2023-05-14 11:00:00,40.163517103178556
2023-05-14 12:00:00,41.325264956293
2023-05-14 13:00:00,50.22141019839937
2023-05-14 14:00:00,40.534370416991514
2023-05-14 15:00:00,52.096620284597954
2023-05-14 16:00:00,36.379823749972374
2023-05-14 17:00:00,53.42412870176293
2023-05-14 18:00:00,43.526775637933504
2023-05-14 19:00:00,31.285177445134288
2023-05-14 20:00:00,29.527833810662937
2023-05-14 21:00:00,19.41821861136599
2023-05-14 22:00:00,10.354617565512587
2023-05-14 23:00:00,7.115448914571297
2023-05-15 00:00:00,7.115448914571297
2023-05-15 01:00:00,7.115448914571297
2023-05-15 02:00:00,7.115448914571297
2023-05-15 03:00:00,7.115448914571297
2023-05-15 04:00:00,7.115448914571297
2023-05-15 05:00:00,7.221928298117417
2023-05-15 06:00:00,5.730841535077987
2023-05-15 07:00:00,12.313566195105398
2023-05-15 08:00:00,19.571331433645057
2023-05-15 09:00:00,38.97456245722981
2023-05-15 10:00:00,68.25085830238626
2023-05-15 11:00:00,70.72129438882708
2023-05-15 12:00:00,57.611286304294254
2023-05-15 13:00:00,53.9436638355134
2023-05-15 14:00:00,55.7274829385366
2023-05-15 15:00:00,48.692890656117775
2023-05-15 16:00:00,42.23405188856292
2023-05-15 17:00:00,38.98679833043026
2023-05-15 18:00:00,24.0851071291394
2023-05-15 19:00:00,23.2364739566602
2023-05-15 20:00:00,10.463628471170518
2023-05-15 21:00:00,10.580453619546612
2023-05-15 22:00:00,13.940357166006098
2023-05-15 23:00:00,8.037152752803738
2023-05-16 00:00:00,8.037152752803738
2023-05-16 01:00:00,8.037152752803738
2023-05-16 02:00:00,8.037152752803738
2023-05-16 03:00:00,8.037152752803738
2023-05-16 04:00:00,8.037152752803738
2023-05-16 05:00:00,8.037152752803738
2023-05-16 06:00:00,13.69547453079625
2023-05-16 07:00:00,12.270983271454755
2023-05-16 08:00:00,29.78955497831766
2023-05-16 09:00:00,54.16689122288395
2023-05-16 10:00:00,58.499496981178346
2023-05-16 11:00:00,64.89385681818906
2023-05-16 12:00:00,68.80375870105831
2023-05-16 13:00:00,62.09898593292319
2023-05-16 14:00:00,66.47817747259421
2023-05-16 15:00:00,65.45628452090655
2023-05-16 16:00:00,61.96842715165311
2023-05-16 17:00:00,47.76824763123252
2023-05-16 18:00:00,70.51861114156831
2023-05-16 19:00:00,47.48151825470023
2023-05-16 20:00:00,18.923677115747356
2023-05-16 21:00:00,7.071715896549171
2023-05-16 22:00:00,2.0048886714182816
2023-05-16 23:00:00,0.7936946415675352
2023-05-17 00:00:00,0.7936946415675352
2023-05-17 01:00:00,0.7936946415675352
2023-05-17 02:00:00,0.7936946415675352
2023-05-17 03:00:00,0.7936946415675352
2023-05-17 04:00:00,0.7936946415675352
2023-05-17 05:00:00,0.7936946415675352
2023-05-17 06:00:00,14.027852713894317
2023-05-17 07:00:00,23.23086948490578
2023-05-17 08:00:00,26.857783327047013
2023-05-17 09:00:00,56.69212779136541
2023-05-17 10:00:00,71.1349855356306
2023-05-17 11:00:00,59.55306561477381
2023-05-17 12:00:00,55.40803662289715
2023-05-17 13:00:00,63.04342193774022
2023-05-17 14:00:00,59.98888782098571
2023-05-17 15:00:00,63.577694595627904
2023-05-17 16:00:00,41.625849075844805
2023-05-17 17:00:00,40.389490661879016
2023-05-17 18:00:00,43.885452600936276
2023-05-17 19:00:00,23.83322643001514
2023-05-17 20:00:00,20.482747084536058
2023-05-17 21:00:00,4.707004867341488
2023-05-17 22:00:00,2.2754256818211256
2023-05-17 23:00:00,2.2754256818211256
2023-05-18 00:00:00,2.2754256818211256
2023-05-18 01:00:00,2.2754256818211256
2023-05-18 02:00:00,2.2754256818211256
2023-05-18 03:00:00,2.2754256818211256
2023-05-18 04:00:00,2.2754256818211256
2023-05-18 05:00:00,6.734175681821125
2023-05-18 06:00:00,18.23828592735803
2023-05-18 07:00:00,22.375704304791384
2023-05-18 08:00:00,41.86067425878728
2023-05-18 09:00:00,62.7066941821391
2023-05-18 10:00:00,63.66426503777825
2023-05-18 11:00:00,65.95364097675815
2023-05-18 12:00:00,60.42481836200258
2023-05-18 13:00:00,55.619920291838405
2023-05-18 14:00:00,56.506784885425745
2023-05-18 15:00:00,52.9534844647569
2023-05-18 16:00:00,54.14480561038012
2023-05-18 17:00:00,46.297875501148475
2023-05-18 18:00:00,41.56441000889842
2023-05-18 19:00:00,28.469446447688522
2023-05-18 20:00:00,11.120394538079438
2023-05-18 21:00:00,12.934281299524395
2023-05-18 22:00:00,9.684355754174222
2023-05-18 23:00:00,11.328924109836626
2023-05-19 00:00:00,14.440540651190009
2023-05-19 01:00:00,14.440540651190009
2023-05-19 02:00:00,14.440540651190009
2023-05-19 03:00:00,14.440540651190009
2023-05-19 04:00:00,14.440540651190009
2023-05-19 05:00:00,14.440540651190009
2023-05-19 06:00:00,17.797930698341787
2023-05-19 07:00:00,17.87402416388136
2023-05-19 08:00:00,22.636538261378945
2023-05-19 09:00:00,36.13682579979351
2023-05-19 10:00:00,38.81838839973552
2023-05-19 11:00:00,51.4618620028737
2023-05-19 12:00:00,63.94582152427726
2023-05-19 13:00:00,53.45929483253638
2023-05-19 14:00:00,38.92567229384875
2023-05-19 15:00:00,28.8821913099622
2023-05-19 16:00:00,30.24524068882925
2023-05-19 17:00:00,57.412420599448666
2023-05-19 18:00:00,59.66402163790606
2023-05-19 19:00:00,46.75751538693799
2023-05-19 20:00:00,33.14821460415148
2023-05-19 21:00:00,15.817898383114972
2023-05-19 22:00:00,4.705114583860843
2023-05-19 23:00:00,2.246024189810107
2023-05-20 00:00:00,2.1651930639822927
2023-05-20 01:00:00,2.1651930639822927
2023-05-20 02:00:00,2.1651930639822927
2023-05-20 03:00:00,2.1651930639822927
2023-05-20 04:00:00,2.1651930639822927
2023-05-20 05:00:00,2.838448877935781
2023-05-20 06:00:00,17.090376203517174
2023-05-20 07:00:00,23.46143530521209
2023-05-20 08:00:00,18.099831479433607
2023-05-20 09:00:00,27.88508071274191
2023-05-20 10:00:00,31.371597557476615
2023-05-20 11:00:00,45.130550645752884
2023-05-20 12:00:00,50.89791553506822
2023-05-20 13:00:00,52.07055002509923
2023-05-20 14:00:00,52.280677626237406
2023-05-20 15:00:00,26.109440737476753
2023-05-20 16:00:00,15.196636839260439
2023-05-20 17:00:00,13.837548467167416
2023-05-20 18:00:00,17.842069365770936
2023-05-20 19:00:00,29.639558479380888
2023-05-20 20:00:00,21.09613250729314
2023-05-20 21:00:00,13.61901789535186
2023-05-20 22:00:00,5.213938609341065
2023-05-20 23:00:00,5.213938609341065
2023-05-21 00:00:00,5.213938609341065
2023-05-21 01:00:00,5.213938609341065
2023-05-21 02:00:00,5.213938609341065
2023-05-21 03:00:00,5.213938609341065
2023-05-21 04:00:00,5.213938609341065
2023-05-21 05:00:00,5.213938609341065
2023-05-21 06:00:00,12.7360087193175
2023-05-21 07:00:00,13.51591193018087
2023-05-21 08:00:00,23.324662125101945
2023-05-21 09:00:00,37.54235907362606
2023-05-21 10:00:00,38.788014662109575
2023-05-21 11:00:00,27.435911400361277
2023-05-21 12:00:00,59.883132256640394
2023-05-21 13:00:00,48.47331181849618
2023-05-21 14:00:00,33.772944482817124
2023-05-21 15:00:00,35.44878595295944
2023-05-21 16:00:00,37.84020564031057
2023-05-21 17:00:00,48.48559612787507
2023-05-21 18:00:00,48.46999789143247
2023-05-21 19:00:00,48.25325133159095
2023-05-21 20:00:00,32.06649102366759
2023-05-21 21:00:00,19.612281087477697
2023-05-21 22:00:00,14.611337158243852
2023-05-21 23:00:00,11.067104029409498
2023-05-22 00:00:00,11.067104029409498
2023-05-22 01:00:00,11.067104029409498
2023-05-22 02:00:00,11.067104029409498
2023-05-22 03:00:00,12.802766001240483
2023-05-22 04:00:00,17.575836423775698
2023-05-22 05:00:00,18.424870709489984
2023-05-22 06:00:00,25.064843666701854
2023-05-22 07:00:00,22.4961735281371
2023-05-22 08:00:00,22.655409018398036
2023-05-22 09:00:00,44.53412592201269
2023-05-22 10:00:00,48.42630162629309
2023-05-22 11:00:00,54.853811506834056
2023-05-22 12:00:00,50.21522506922885
2023-05-22 13:00:00,25.57607965561607
2023-05-22 14:00:00,21.11158852889789
2023-05-22 15:00:00,24.55861630937395
2023-05-22 16:00:00,29.88124699845537
2023-05-22 17:00:00,28.987675069635937
2023-05-22 18:00:00,24.019425103561574
2023-05-22 19:00:00,27.35451600871175
2023-05-22 20:00:00,28.18423108945236
2023-05-22 21:00:00,17.21153820139069
2023-05-22 22:00:00,9.719236102621243
2023-05-22 23:00:00,3.954321595251823
2023-05-23 00:00:00,3.954321595251823
2023-05-23 01:00:00,3.954321595251823
2023-05-23 02:00:00,3.954321595251823
2023-05-23 03:00:00,3.954321595251823
2023-05-23 04:00:00,3.954321595251823
2023-05-23 05:00:00,3.781325011135683
2023-05-23 06:00:00,13.518973867127395
2023-05-23 07:00:00,30.189184526713696
2023-05-23 08:00:00,38.523681560069285
2023-05-23 09:00:00,47.65750979485773
2023-05-23 10:00:00,49.087481710580825
2023-05-23 11:00:00,45.15405472277768
2023-05-23 12:00:00,38.79660763016089
2023-05-23 13:00:00,40.615118155615114
2023-05-23 14:00:00,34.73936411582596
2023-05-23 15:00:00,30.418458143096327
2023-05-23 16:00:00,34.576517150839884
2023-05-23 17:00:00,51.53359484705591
2023-05-23 18:00:00,62.47905284727181
2023-05-23 19:00:00,55.66406507854121
2023-05-23 20:00:00,31.075060007102095
2023-05-23 21:00:00,20.211396004160246
2023-05-23 22:00:00,9.570042882370322
2023-05-23 23:00:00,7.027287780329506
2023-05-24 00:00:00,5.022553086451955
2023-05-24 01:00:00,5.022553086451955
2023-05-24 02:00:00,5.022553086451955
2023-05-24 03:00:00,5.022553086451955
2023-05-24 04:00:00,5.022553086451955
2023-05-24 05:00:00,5.461103933419637
2023-05-24 06:00:00,13.15021283389688
2023-05-24 07:00:00,12.380937243226736
2023-05-24 08:00:00,18.270357236165598
2023-05-24 09:00:00,40.22880199908514
2023-05-24 10:00:00,39.597221813621736
2023-05-24 11:00:00,53.43940905190509
2023-05-24 12:00:00,48.010754762091004
2023-05-24 13:00:00,53.833086656666644
2023-05-24 14:00:00,40.376181651223874
2023-05-24 15:00:00,32.676345795202764
2023-05-24 16:00:00,44.78451430306608
2023-05-24 17:00:00,35.618012425759
2023-05-24 18:00:00,34.28499996894757
2023-05-24 19:00:00,38.28052434380217
2023-05-24 20:00:00,15.548304893026163
2023-05-24 21:00:00,8.018905659423504
2023-05-24 22:00:00,3.9482513766901297
2023-05-24 23:00:00,3.364228120876176
2023-05-25 00:00:00,3.364228120876176
2023-05-25 01:00:00,3.364228120876176
2023-05-25 02:00:00,3.364228120876176
2023-05-25 03:00:00,3.364228120876176
2023-05-25 04:00:00,3.364228120876176
2023-05-25 05:00:00,3.364228120876176
2023-05-25 06:00:00,9.071180951064855
2023-05-25 07:00:00,4.420784947738989
2023-05-25 08:00:00,17.714737585804187
2023-05-25 09:00:00,33.11303672684442
2023-05-25 10:00:00,45.828140784360635
2023-05-25 11:00:00,55.086639977832036
2023-05-25 12:00:00,57.54820346504672
2023-05-25 13:00:00,44.44886232862665
2023-05-25 14:00:00,38.822120428120265
2023-05-25 15:00:00,29.158279726310628
2023-05-25 16:00:00,32.51610361996162
2023-05-25 17:00:00,37.25181136145676
2023-05-25 18:00:00,61.540135166332014
2023-05-25 19:00:00,45.91601597955765
2023-05-25 20:00:00,20.077737804656547
2023-05-25 21:00:00,13.612031286492572
2023-05-25 22:00:00,16.78246589941374
2023-05-25 23:00:00,7.089231733174914
2023-05-26 00:00:00,5.22527852238475
2023-05-26 01:00:00,5.22527852238475
2023-05-26 02:00:00,5.22527852238475
2023-05-26 03:00:00,5.22527852238475
2023-05-26 04:00:00,5.269942315488198
2023-05-26 05:00:00,12.616365454559688
2023-05-26 06:00:00,35.38098239319926
2023-05-26 07:00:00,20.938873505648942
2023-05-26 08:00:00,30.981307892571152
2023-05-26 09:00:00,67.37264048116114
2023-05-26 10:00:00,75.07848816920595
2023-05-26 11:00:00,72.03181156306847
2023-05-26 12:00:00,70.6634445422468
2023-05-26 13:00:00,46.76886323708587
2023-05-26 14:00:00,28.303478995137652
2023-05-26 15:00:00,28.048924178857742
2023-05-26 16:00:00,24.86885185926039
2023-05-26 17:00:00,41.56621664479173
2023-05-26 18:00:00,54.87539694536912
2023-05-26 19:00:00,46.43971598516073
2023-05-26 20:00:00,30.19459215273234
2023-05-26 21:00:00,11.203060992789705
2023-05-26 22:00:00,4.031411306166423
2023-05-26 23:00:00,7.989413966520583
2023-05-27 00:00:00,10.006545369638623
2023-05-27 01:00:00,10.006545369638623
2023-05-27 02:00:00,10.006545369638623
2023-05-27 03:00:00,10.006545369638623
2023-05-27 04:00:00,10.006545369638623
2023-05-27 05:00:00,10.006545369638623
2023-05-27 06:00:00,14.7364874226858
2023-05-27 07:00:00,20.36919448428043
2023-05-27 08:00:00,27.33442873595076
2023-05-27 09:00:00,28.1576772075908
2023-05-27 10:00:00,32.89813705673536
2023-05-27 11:00:00,28.611568061220293
2023-05-27 12:00:00,34.69402864023683
2023-05-27 13:00:00,31.3457714755034
2023-05-27 14:00:00,34.816758324022565
2023-05-27 15:00:00,36.75507345172756
2023-05-27 16:00:00,46.25935534664664
2023-05-27 17:00:00,46.82874937849837
2023-05-27 18:00:00,27.108626383374716
2023-05-27 19:00:00,28.468184856845312
2023-05-27 20:00:00,26.703852125305445
2023-05-27 21:00:00,17.185084593832865
2023-05-27 22:00:00,14.88370979908738
2023-05-27 23:00:00,11.890374582864217
2023-05-28 00:00:00,11.186026888616926
2023-05-28 01:00:00,11.433706264700115
2023-05-28 02:00:00,11.433706264700115
2023-05-28 03:00:00,11.433706264700115
2023-05-28 04:00:00,11.433706264700115
2023-05-28 05:00:00,11.433706264700115
2023-05-28 06:00:00,17.585647809636676
2023-05-28 07:00:00,16.503745101452573
2023-05-28 08:00:00,27.643859415237692
2023-05-28 09:00:00,48.56764247832114
2023-05-28 10:00:00,55.29346810915071
2023-05-28 11:00:00,58.628628198495065
2023-05-28 12:00:00,61.99421900857254
2023-05-28 13:00:00,44.11423933705005
2023-05-28 14:00:00,47.74134747660172
2023-05-28 15:00:00,43.398002881118046
2023-05-28 16:00:00,37.50789211730784
2023-05-28 17:00:00,43.926968440658314
2023-05-28 18:00:00,42.77936251629576
2023-05-28 19:00:00,43.88341925896328
2023-05-28 20:00:00,38.252271240281466
2023-05-28 21:00:00,29.75828176504018
2023-05-28 22:00:00,11.355160040732963
2023-05-28 23:00:00,10.4730258943915
2023-05-29 00:00:00,9.450511443524448
2023-05-29 01:00:00,4.337939189189189
2023-05-29 02:00:00,4.337939189189189
2023-05-29 03:00:00,4.337939189189189
2023-05-29 04:00:00,9.485461916461915
2023-05-29 05:00:00,9.376785515127427
2023-05-29 06:00:00,12.563143353034993
2023-05-29 07:00:00,14.018140998803828
2023-05-29 08:00:00,16.358674800133244
2023-05-29 09:00:00,20.609529640058625
2023-05-29 10:00:00,30.25875700625709
2023-05-29 11:00:00,33.30679458642818
2023-05-29 12:00:00,26.47344201554121
2023-05-29 13:00:00,36.20312893246295
2023-05-29 14:00:00,47.10111713844789
2023-05-29 15:00:00,43.063298471301714
2023-05-29 16:00:00,33.144978529511995
2023-05-29 17:00:00,32.19511597440681
2023-05-29 18:00:00,19.82854693049201
2023-05-29 19:00:00,13.556006475357016
2023-05-29 20:00:00,5.475778380690171
2023-05-29 21:00:00,10.416230520435166
2023-05-29 22:00:00,10.416230520435166
2023-05-29 23:00:00,9.850923257865333
2023-05-30 00:00:00,4.763157894736842
2023-05-30 01:00:00,4.763157894736842
2023-05-30 02:00:00,4.763157894736842
2023-05-30 03:00:00,4.763157894736842
2023-05-30 04:00:00,4.763157894736842
2023-05-30 05:00:00,4.763157894736842
2023-05-30 06:00:00,11.481083844103932
2023-05-30 07:00:00,24.112997244628403
2023-05-30 08:00:00,37.663507809245054
2023-05-30 09:00:00,56.482278492017485
2023-05-30 10:00:00,53.537815526318425
2023-05-30 11:00:00,51.351115705236964
2023-05-30 12:00:00,61.796431946926155
2023-05-30 13:00:00,50.95285597858233
2023-05-30 14:00:00,47.662426192664206
2023-05-30 15:00:00,38.50276469834246
2023-05-30 16:00:00,38.87934420109709
2023-05-30 17:00:00,45.97298190290233
2023-05-30 18:00:00,40.962429761824495
2023-05-30 19:00:00,20.488753900446714
2023-05-30 20:00:00,15.812517948026942
2023-05-30 21:00:00,13.297412539754658
2023-05-30 22:00:00,1.6244577464788732
