date,yhat
2022-09-01 06:00:00,6.330789675708964
2022-09-01 07:00:00,13.284884505741744
2022-09-01 08:00:00,21.116721570117743
2022-09-01 09:00:00,27.91831750397018
2022-09-01 10:00:00,32.179254166899604
2022-09-01 11:00:00,33.37674639336497
2022-09-01 12:00:00,32.17610568966476
2022-09-01 13:00:00,30.116968012098887
2022-09-01 14:00:00,28.828547958759508
2022-09-01 15:00:00,29.095635842095
2022-09-01 16:00:00,30.314616657142068
2022-09-01 17:00:00,30.77599287863753
2022-09-01 18:00:00,28.723294727470243
2022-09-01 19:00:00,23.560207866075224
2022-09-01 20:00:00,16.37598764149052
2022-09-01 21:00:00,9.371706843630658
2022-09-01 22:00:00,4.543876218038561
2022-09-01 23:00:00,2.5323452353197347
2022-09-02 00:00:00,2.4233055822215857
2022-09-02 01:00:00,2.5962657368476627
2022-09-02 02:00:00,1.9622453199190808
2022-09-02 03:00:00,0.7181882242374513
2022-09-02 04:00:00,0.1612709261158045
2022-09-02 05:00:00,1.7887570912672732
2022-09-02 06:00:00,6.330789675476538
2022-09-02 07:00:00,13.284884505439933
2022-09-02 08:00:00,21.116721570299134
2022-09-02 09:00:00,27.91831750374635
2022-09-02 10:00:00,32.17925416679323
2022-09-02 11:00:00,33.37674639331307
2022-09-02 12:00:00,32.17610568980166
2022-09-02 13:00:00,30.116968012173444
2022-09-02 14:00:00,28.82854795876325
2022-09-02 15:00:00,29.095635842159314
2022-09-02 16:00:00,30.314616657217503
2022-09-02 17:00:00,30.775992878535543
2022-09-02 18:00:00,28.723294727397853
2022-09-02 19:00:00,23.560207866114364
2022-09-02 20:00:00,16.375987641311326
2022-09-02 21:00:00,9.371706843498579
2022-09-02 22:00:00,4.543876217995473
2022-09-02 23:00:00,2.5323452353550113
2022-09-03 00:00:00,2.4233055820579334
2022-09-03 01:00:00,2.5962657368761697
2022-09-03 02:00:00,1.9622453198887868
2022-09-03 03:00:00,0.7181882241697117
2022-09-03 04:00:00,0.1612709260649332
2022-09-03 05:00:00,1.7887570914102557
2022-09-03 06:00:00,6.330789675586448
2022-09-03 07:00:00,13.284884505420846
2022-09-03 08:00:00,21.116721570000458
2022-09-03 09:00:00,27.918317503871087
2022-09-03 10:00:00,32.17925416682536
2022-09-03 11:00:00,33.3767463933211
2022-09-03 12:00:00,32.17610568987709
2022-09-03 13:00:00,30.116968012111283
2022-09-03 14:00:00,28.82854795878408
2022-09-03 15:00:00,29.095635842121684
2022-09-03 16:00:00,30.314616657171566
2022-09-03 17:00:00,30.77599287855716
2022-09-03 18:00:00,28.723294727540782
2022-09-03 19:00:00,23.560207866368337
2022-09-03 20:00:00,16.37598764135683
2022-09-03 21:00:00,9.3717068433665
2022-09-03 22:00:00,4.543876218127991
2022-09-03 23:00:00,2.532345235390288
2022-09-04 00:00:00,2.4233055821189744
2022-09-04 01:00:00,2.5962657368818878
2022-09-04 02:00:00,1.962245319858491
2022-09-04 03:00:00,0.7181882242961208
2022-09-04 04:00:00,0.1612709260140619
2022-09-04 05:00:00,1.7887570914296251
2022-09-04 06:00:00,6.330789675696355
2022-09-04 07:00:00,13.284884505595913
2022-09-04 08:00:00,21.11672156995715
2022-09-04 09:00:00,27.91831750399583
2022-09-04 10:00:00,32.179254166907356
2022-09-04 11:00:00,33.37674639326919
2022-09-04 12:00:00,32.176105689789296
2022-09-04 13:00:00,30.11696801204912
2022-09-04 14:00:00,28.828547958787816
2022-09-04 15:00:00,29.095635841991843
2022-09-04 16:00:00,30.314616657246994
2022-09-04 17:00:00,30.775992878579302
2022-09-04 18:00:00,28.723294727468392
2022-09-04 19:00:00,23.560207866213325
2022-09-04 20:00:00,16.375987641650273
2022-09-04 21:00:00,9.371706843607832
2022-09-04 22:00:00,4.543876218035027
2022-09-04 23:00:00,2.5323452354219214
2022-09-05 00:00:00,2.400699221947985
2022-09-05 01:00:00,2.5736593767510207
2022-09-05 02:00:00,1.9396389597187031
2022-09-05 03:00:00,0.6955818641825573
2022-09-05 04:00:00,0.13866456584203846
2022-09-05 05:00:00,1.7661507312896205
2022-09-05 06:00:00,6.308183315304559
2022-09-05 07:00:00,13.262278145134731
2022-09-05 08:00:00,21.09411520997916
2022-09-05 09:00:00,27.89571114383758
2022-09-05 10:00:00,32.156647806641615
2022-09-05 11:00:00,33.35414003305792
2022-09-05 12:00:00,32.15349932954212
2022-09-05 13:00:00,30.094361651827587
2022-09-05 14:00:00,28.8059415985823
2022-09-05 15:00:00,29.073029481896786
2022-09-05 16:00:00,30.292010296938358
2022-09-05 17:00:00,30.753386518441552
2022-09-05 18:00:00,28.70068836723663
2022-09-05 19:00:00,23.53760150589894
2022-09-05 20:00:00,16.3533812813117
2022-09-05 21:00:00,9.34910048344
2022-09-05 22:00:00,4.521269857832568
2022-09-05 23:00:00,2.509738875297824
2022-09-06 00:00:00,2.4233055821684033
2022-09-06 01:00:00,2.5962657369389053
2022-09-06 02:00:00,1.9622453199205943
2022-09-06 03:00:00,0.7181882242741864
2022-09-06 04:00:00,0.16127092617523786
2022-09-06 05:00:00,1.788757091329078
2022-09-06 06:00:00,6.33078967557384
2022-09-06 07:00:00,13.28488450546917
2022-09-06 08:00:00,21.116721569839864
2022-09-06 09:00:00,27.918317503773125
2022-09-06 10:00:00,32.17925416683311
2022-09-06 11:00:00,33.37674639322532
2022-09-06 12:00:00,32.17610568977693
2022-09-06 13:00:00,30.11696801206152
2022-09-06 14:00:00,28.82854795874541
2022-09-06 15:00:00,29.09563584201853
2022-09-06 16:00:00,30.314616657051793
2022-09-06 17:00:00,30.775992878498933
2022-09-06 18:00:00,28.723294727323612
2022-09-06 19:00:00,23.560207866312286
2022-09-06 20:00:00,16.375987641291882
2022-09-06 21:00:00,9.37170684346729
2022-09-06 22:00:00,4.543876217948858
2022-09-06 23:00:00,2.5323452354924747
2022-09-07 00:00:00,2.423305582004751
2022-09-07 01:00:00,2.5962657369674123
2022-09-07 02:00:00,1.9622453198903038
2022-09-07 03:00:00,0.7181882242064468
2022-09-07 04:00:00,0.16127092612436655
2022-09-07 05:00:00,1.7887570914720623
2022-09-07 06:00:00,6.33078967568375
2022-09-07 07:00:00,13.284884505450083
2022-09-07 08:00:00,21.11672157002125
2022-09-07 09:00:00,27.918317503897867
2022-09-07 10:00:00,32.179254166865235
2022-09-07 11:00:00,33.37674639317341
2022-09-07 12:00:00,32.176105689913825
2022-09-07 13:00:00,30.116968011999354
2022-09-07 14:00:00,28.828547958766244
2022-09-07 15:00:00,29.095635842082842
2022-09-07 16:00:00,30.314616657127225
2022-09-07 17:00:00,30.775992878521073
2022-09-07 18:00:00,28.723294727466545
2022-09-07 19:00:00,23.560207866351426
2022-09-07 20:00:00,16.375987641585326
2022-09-07 21:00:00,9.371706843708626
2022-09-07 22:00:00,4.543876218081374
2022-09-07 23:00:00,2.5323452353335956
2022-09-08 00:00:00,2.4233055819931355
2022-09-08 01:00:00,2.596265736973125
2022-09-08 02:00:00,1.9622453198600063
2022-09-08 03:00:00,0.7181882241387036
2022-09-08 04:00:00,0.16127092611171534
2022-09-08 05:00:00,1.7887570914914317
2022-09-08 06:00:00,6.330789675743782
2022-09-08 07:00:00,13.284884505148273
2022-09-08 08:00:00,21.11672157020264
2022-09-08 09:00:00,27.918317504022607
2022-09-08 10:00:00,32.17925416689736
2022-09-08 11:00:00,33.37674639331566
2022-09-08 12:00:00,32.17610568982603
2022-09-08 13:00:00,30.116968012060813
2022-09-08 14:00:00,28.828547958769978
2022-09-08 15:00:00,29.09563584214716
2022-09-08 16:00:00,30.314616657202656
2022-09-08 17:00:00,30.775992878542695
2022-09-08 18:00:00,28.723294727444028
2022-09-08 19:00:00,23.560207866196414
2022-09-08 20:00:00,16.37598764140613
2022-09-08 21:00:00,9.371706843576547
2022-09-08 22:00:00,4.543876218038287
2022-09-08 23:00:00,2.532345235365229
2022-09-09 00:00:00,2.42330558205418
2022-09-09 01:00:00,2.596265736878019
2022-09-09 02:00:00,1.9622453199025216
2022-09-09 03:00:00,0.7181882241845123
2022-09-09 04:00:00,0.16127092606084759
2022-09-09 05:00:00,1.7887570913715134
2022-09-09 06:00:00,6.330789675511358
2022-09-09 07:00:00,13.28488450532334
2022-09-09 08:00:00,21.116721570384026
2022-09-09 09:00:00,27.918317503798775
2022-09-09 10:00:00,32.17925416679099
2022-09-09 11:00:00,33.37674639326376
2022-09-09 12:00:00,32.17610568990146
2022-09-09 13:00:00,30.116968012135374
2022-09-09 14:00:00,28.82854795872383
2022-09-09 15:00:00,29.095635842211472
2022-09-09 16:00:00,30.31461665715672
2022-09-09 17:00:00,30.775992878564317
2022-09-09 18:00:00,28.72329472737164
2022-09-09 19:00:00,23.560207866041402
2022-09-09 20:00:00,16.375987641226935
2022-09-09 21:00:00,9.371706843568084
2022-09-09 22:00:00,4.543876217995203
2022-09-09 23:00:00,2.5323452354005056
2022-09-10 00:00:00,2.4233055821152227
2022-09-10 01:00:00,2.596265736906526
2022-09-10 02:00:00,1.9622453199221042
2022-09-10 03:00:00,0.7181882241167692
2022-09-10 04:00:00,0.1612709262346712
2022-09-10 05:00:00,1.7887570913908828
2022-09-10 06:00:00,6.330789675621267
2022-09-10 07:00:00,13.284884505498407
2022-09-10 08:00:00,21.11672157008535
2022-09-10 09:00:00,27.918317503799898
2022-09-10 10:00:00,32.179254166823114
2022-09-10 11:00:00,33.37674639327179
2022-09-10 12:00:00,32.17610568981367
2022-09-10 13:00:00,30.116968012073208
2022-09-10 14:00:00,28.82854795874467
2022-09-10 15:00:00,29.095635842173838
2022-09-10 16:00:00,30.314616657007456
2022-09-10 17:00:00,30.775992878586457
2022-09-10 18:00:00,28.72329472751457
2022-09-10 19:00:00,23.56020786629538
2022-09-10 20:00:00,16.375987641272438
2022-09-10 21:00:00,9.371706843809417
2022-09-10 22:00:00,4.5438762181277195
2022-09-10 23:00:00,2.5323452354357805
2022-09-11 00:00:00,2.423305582176269
2022-09-11 01:00:00,2.5962657369122404
2022-09-11 02:00:00,1.9622453198918137
2022-09-11 03:00:00,0.7181882242431783
2022-09-11 04:00:00,0.1612709261837999
2022-09-11 05:00:00,1.7887570914102522
2022-09-11 06:00:00,6.330789675731175
2022-09-11 07:00:00,13.284884505673473
2022-09-11 08:00:00,21.116721570042042
2022-09-11 09:00:00,27.91831750392464
2022-09-11 10:00:00,32.17925416690512
2022-09-11 11:00:00,33.37674639321989
2022-09-11 12:00:00,32.176105689725865
2022-09-11 13:00:00,30.11696801201105
2022-09-11 14:00:00,28.828547958748402
2022-09-11 15:00:00,29.095635842044004
2022-09-11 16:00:00,30.31461665708289
2022-09-11 17:00:00,30.77599287860808
2022-09-11 18:00:00,28.72329472744218
2022-09-11 19:00:00,23.560207866140367
2022-09-11 20:00:00,16.37598764156588
2022-09-11 21:00:00,9.371706843677341
2022-09-11 22:00:00,4.543876218034754
2022-09-11 23:00:00,2.532345235467419
2022-09-12 00:00:00,2.4233055821646516
2022-09-12 01:00:00,2.5962657369407456
2022-09-12 02:00:00,1.9622453199343255
2022-09-12 03:00:00,0.7181882242889834
2022-09-12 04:00:00,0.16127092617115224
2022-09-12 05:00:00,1.7887570914296216
2022-09-12 06:00:00,6.330789675498751
2022-09-12 07:00:00,13.284884505371664
2022-09-12 08:00:00,21.11672157022343
2022-09-12 09:00:00,27.918317504049384
2022-09-12 10:00:00,32.17925416679874
2022-09-12 11:00:00,33.37674639336214
2022-09-12 12:00:00,32.17610568963807
2022-09-12 13:00:00,30.116968012085607
2022-09-12 14:00:00,28.82854795875214
2022-09-12 15:00:00,29.095635842108315
2022-09-12 16:00:00,30.314616657158325
2022-09-12 17:00:00,30.7759928786297
2022-09-12 18:00:00,28.723294727419667
2022-09-12 19:00:00,23.560207865985355
2022-09-12 20:00:00,16.375987641386686
2022-09-12 21:00:00,9.37170684354526
2022-09-12 22:00:00,4.54387621799167
2022-09-12 23:00:00,2.5323452353085365
2022-09-13 00:00:00,2.4233055822256944
2022-09-13 01:00:00,2.596265736845643
2022-09-13 02:00:00,1.962245319904035
2022-09-13 03:00:00,0.7181882242212438
2022-09-13 04:00:00,0.16127092612027738
2022-09-13 05:00:00,1.7887570913097033
2022-09-13 06:00:00,6.330789675558783
2022-09-13 07:00:00,13.28488450554673
2022-09-13 08:00:00,21.116721569924756
2022-09-13 09:00:00,27.91831750382555
2022-09-13 10:00:00,32.17925416683087
2022-09-13 11:00:00,33.376746393370155
2022-09-13 12:00:00,32.1761056897135
2022-09-13 13:00:00,30.116968012147062
2022-09-13 14:00:00,28.828547958772972
2022-09-13 15:00:00,29.09563584207069
2022-09-13 16:00:00,30.31461665711239
2022-09-13 17:00:00,30.77599287852771
2022-09-13 18:00:00,28.723294727562596
2022-09-13 19:00:00,23.560207866239324
2022-09-13 20:00:00,16.37598764120749
2022-09-13 21:00:00,9.371706843413182
2022-09-13 22:00:00,4.543876218124186
2022-09-13 23:00:00,2.532345235343813
2022-09-14 00:00:00,2.423305582062042
2022-09-14 01:00:00,2.59626573687415
2022-09-14 02:00:00,1.962245319873741
2022-09-14 03:00:00,0.7181882241535007
2022-09-14 04:00:00,0.16127092606940963
2022-09-14 05:00:00,1.7887570914526876
2022-09-14 06:00:00,6.330789675668692
2022-09-14 07:00:00,13.284884505527643
2022-09-14 08:00:00,21.116721570106147
2022-09-14 09:00:00,27.91831750395029
2022-09-14 10:00:00,32.179254166863
2022-09-14 11:00:00,33.37674639331826
2022-09-14 12:00:00,32.1761056898504
2022-09-14 13:00:00,30.116968012084897
2022-09-14 14:00:00,28.82854795877671
2022-09-14 15:00:00,29.095635842134996
2022-09-14 16:00:00,30.31461665718782
2022-09-14 17:00:00,30.77599287854985
2022-09-14 18:00:00,28.723294727490206
2022-09-14 19:00:00,23.560207866278468
2022-09-14 20:00:00,16.375987641500934
2022-09-14 21:00:00,9.371706843654515
2022-09-14 22:00:00,4.543876218081101
2022-09-14 23:00:00,2.532345235375452
2022-09-15 00:00:00,2.4233055820504283
2022-09-15 01:00:00,2.5962657368798645
2022-09-15 02:00:00,1.9622453198434506
2022-09-15 03:00:00,0.7181882241993129
2022-09-15 04:00:00,0.16127092605676197
2022-09-15 05:00:00,1.788757091472057
2022-09-15 06:00:00,6.330789675778599
2022-09-15 07:00:00,13.284884505225833
2022-09-15 08:00:00,21.116721570062836
2022-09-15 09:00:00,27.918317504075034
2022-09-15 10:00:00,32.179254166945
2022-09-15 11:00:00,33.37674639326636
2022-09-15 12:00:00,32.1761056897626
2022-09-15 13:00:00,30.11696801202274
2022-09-15 14:00:00,28.828547958780444
2022-09-15 15:00:00,29.095635842005162
2022-09-15 16:00:00,30.31461665726325
2022-09-15 17:00:00,30.775992878571472
2022-09-15 18:00:00,28.723294727417816
2022-09-15 19:00:00,23.560207866123456
2022-09-15 20:00:00,16.375987641546434
2022-09-15 21:00:00,9.371706843522437
2022-09-15 22:00:00,4.543876217988137
2022-09-15 23:00:00,2.5323452354107285
2022-09-16 00:00:00,2.4233055821114693
2022-09-16 01:00:00,2.596265736908375
2022-09-16 02:00:00,1.9622453198859624
2022-09-16 03:00:00,0.718188224325722
2022-09-16 04:00:00,0.1612709260058871
2022-09-16 05:00:00,1.7887570913521422
2022-09-16 06:00:00,6.3307896755461766
2022-09-16 07:00:00,13.2848845054009
2022-09-16 08:00:00,21.11672156976416
2022-09-16 09:00:00,27.918317503851203
2022-09-16 10:00:00,32.17925416683863
2022-09-16 11:00:00,33.376746393214454
2022-09-16 12:00:00,32.17610568983804
2022-09-16 13:00:00,30.1169680120973
2022-09-16 14:00:00,28.828547958734298
2022-09-16 15:00:00,29.095635841967532
2022-09-16 16:00:00,30.314616657217314
2022-09-16 17:00:00,30.775992878593094
2022-09-16 18:00:00,28.723294727345426
2022-09-16 19:00:00,23.56020786637743
2022-09-16 20:00:00,16.375987641367242
2022-09-16 21:00:00,9.371706843513975
2022-09-16 22:00:00,4.543876217945053
2022-09-16 23:00:00,2.5323452354460034
2022-09-17 00:00:00,2.423305582172514
2022-09-17 01:00:00,2.596265736936882
2022-09-17 02:00:00,1.9622453199055485
2022-09-17 03:00:00,0.7181882242579789
2022-09-17 04:00:00,0.16127092617971073
2022-09-17 05:00:00,1.7887570913715116
2022-09-17 06:00:00,6.330789675656083
2022-09-17 07:00:00,13.284884505575965
2022-09-17 08:00:00,21.116721569945547
2022-09-17 09:00:00,27.918317503852325
2022-09-17 10:00:00,32.179254166870756
2022-09-17 11:00:00,33.376746393222476
2022-09-17 12:00:00,32.17610568975024
2022-09-17 13:00:00,30.116968012035137
2022-09-17 14:00:00,28.828547958755138
2022-09-17 15:00:00,29.095635842031847
2022-09-17 16:00:00,30.31461665706805
2022-09-17 17:00:00,30.775992878615227
2022-09-17 18:00:00,28.72329472748836
2022-09-17 19:00:00,23.56020786622242
2022-09-17 20:00:00,16.375987641660686
2022-09-17 21:00:00,9.371706843755309
2022-09-17 22:00:00,4.543876218077568
2022-09-17 23:00:00,2.53234523548128
2022-09-18 00:00:00,2.4233055821609017
2022-09-18 01:00:00,2.5962657369425983
2022-09-18 02:00:00,1.9622453198752545
2022-09-18 03:00:00,0.7181882241902358
2022-09-18 04:00:00,0.16127092616706662
2022-09-18 05:00:00,1.7887570915144941
2022-09-18 06:00:00,6.330789675765994
2022-09-18 07:00:00,13.28488450555688
2022-09-18 08:00:00,21.116721570126934
2022-09-18 09:00:00,27.91831750397707
2022-09-18 10:00:00,32.17925416690288
2022-09-18 11:00:00,33.37674639317058
2022-09-18 12:00:00,32.17610568988714
2022-09-18 13:00:00,30.116968011972972
2022-09-18 14:00:00,28.828547958758868
2022-09-18 15:00:00,29.095635842096158
2022-09-18 16:00:00,30.314616657143482
2022-09-18 17:00:00,30.77599287851324
2022-09-18 18:00:00,28.72329472741597
2022-09-18 19:00:00,23.56020786626156
2022-09-18 20:00:00,16.37598764148149
2022-09-18 21:00:00,9.37170684362323
2022-09-18 22:00:00,4.543876218034482
2022-09-18 23:00:00,2.5323452355129135
2022-09-19 00:00:00,2.423305581997246
2022-09-19 01:00:00,2.5962657369711053
2022-09-19 02:00:00,1.9622453199177716
2022-09-19 03:00:00,0.7181882242360444
2022-09-19 04:00:00,0.1612709261161953
2022-09-19 05:00:00,1.7887570913945776
2022-09-19 06:00:00,6.330789675533568
2022-09-19 07:00:00,13.284884505255071
2022-09-19 08:00:00,21.116721570308325
2022-09-19 09:00:00,27.918317503753237
2022-09-19 10:00:00,32.17925416679651
2022-09-19 11:00:00,33.37674639331283
2022-09-19 12:00:00,32.17610568979934
2022-09-19 13:00:00,30.116968012047536
2022-09-19 14:00:00,28.828547958762606
2022-09-19 15:00:00,29.095635842160476
2022-09-19 16:00:00,30.314616657097545
2022-09-19 17:00:00,30.77599287853486
2022-09-19 18:00:00,28.723294727393455
2022-09-19 19:00:00,23.56020786610655
2022-09-19 20:00:00,16.375987641302295
2022-09-19 21:00:00,9.371706843491154
2022-09-19 22:00:00,4.543876217991395
2022-09-19 23:00:00,2.532345235354038
2022-09-20 00:00:00,2.4233055820582905
2022-09-20 01:00:00,2.5962657368759956
2022-09-20 02:00:00,1.9622453198874759
2022-09-20 03:00:00,0.7181882241683013
2022-09-20 04:00:00,0.161270926065324
2022-09-20 05:00:00,1.788757091413947
2022-09-20 06:00:00,6.330789675593602
2022-09-20 07:00:00,13.284884505430137
2022-09-20 08:00:00,21.116721570009652
2022-09-20 09:00:00,27.918317503877976
2022-09-20 10:00:00,32.17925416682863
2022-09-20 11:00:00,33.37674639332085
2022-09-20 12:00:00,32.176105689874774
2022-09-20 13:00:00,30.116968012108988
2022-09-20 14:00:00,28.82854795878344
2022-09-20 15:00:00,29.095635842122842
2022-09-20 16:00:00,30.314616657172976
2022-09-20 17:00:00,30.77599287855648
2022-09-20 18:00:00,28.723294727536384
2022-09-20 19:00:00,23.56020786636052
2022-09-20 20:00:00,16.3759876411231
2022-09-20 21:00:00,9.371706843732486
2022-09-20 22:00:00,4.543876218123911
2022-09-20 23:00:00,2.5323452353893092
2022-09-21 00:00:00,2.4233055821193332
2022-09-21 01:00:00,2.596265736881712
2022-09-21 02:00:00,1.962245319907062
2022-09-21 03:00:00,0.7181882241005617
2022-09-21 04:00:00,0.16127092623914763
2022-09-21 05:00:00,1.7887570914333164
2022-09-21 06:00:00,6.330789675703512
2022-09-21 07:00:00,13.284884505605202
2022-09-21 08:00:00,21.11672157019104
2022-09-21 09:00:00,27.918317503879102
2022-09-21 10:00:00,32.17925416686076
2022-09-21 11:00:00,33.376746393268945
2022-09-21 12:00:00,32.17610568978697
2022-09-21 13:00:00,30.116968012046826
2022-09-21 14:00:00,28.828547958737296
2022-09-21 15:00:00,29.095635842187157
2022-09-21 16:00:00,30.314616657023713
2022-09-21 17:00:00,30.775992878578624
2022-09-21 18:00:00,28.723294727463994
2022-09-21 19:00:00,23.56020786620551
2022-09-21 20:00:00,16.375987641416543
2022-09-21 21:00:00,9.371706843724024
2022-09-21 22:00:00,4.543876218080827
2022-09-21 23:00:00,2.532345235420946
2022-09-22 00:00:00,2.4233055821077194
2022-09-22 01:00:00,2.596265736910219
2022-09-22 02:00:00,1.962245319949579
2022-09-22 03:00:00,0.7181882241463704
2022-09-22 04:00:00,0.16127092622649997
2022-09-22 05:00:00,1.7887570914526858
2022-09-22 06:00:00,6.330789675471086
2022-09-22 07:00:00,13.284884505303392
2022-09-22 08:00:00,21.11672157014773
2022-09-22 09:00:00,27.918317504003845
2022-09-22 10:00:00,32.17925416675438
2022-09-22 11:00:00,33.37674639321705
2022-09-22 12:00:00,32.17610568969918
2022-09-22 13:00:00,30.116968011984664
2022-09-22 14:00:00,28.828547958741034
2022-09-22 15:00:00,29.09563584205732
2022-09-22 16:00:00,30.314616657099148
2022-09-22 17:00:00,30.775992878600245
2022-09-22 18:00:00,28.723294727391604
2022-09-22 19:00:00,23.560207866050497
2022-09-22 20:00:00,16.375987641462046
2022-09-22 21:00:00,9.371706843591944
2022-09-22 22:00:00,4.543876217987867
2022-09-22 23:00:00,2.532345235456223
2022-09-23 00:00:00,2.423305582168762
2022-09-23 01:00:00,2.596265736938726
2022-09-23 02:00:00,1.962245319919285
2022-09-23 03:00:00,0.7181882242727795
2022-09-23 04:00:00,0.16127092617562866
2022-09-23 05:00:00,1.7887570913327675
2022-09-23 06:00:00,6.330789675580993
2022-09-23 07:00:00,13.284884505478459
2022-09-23 08:00:00,21.116721569849055
2022-09-23 09:00:00,27.91831750378001
2022-09-23 10:00:00,32.17925416683639
2022-09-23 11:00:00,33.37674639322507
2022-09-23 12:00:00,32.1761056897746
2022-09-23 13:00:00,30.116968012059225
2022-09-23 14:00:00,28.828547958744764
2022-09-23 15:00:00,29.09563584201969
2022-09-23 16:00:00,30.314616657053207
2022-09-23 17:00:00,30.775992878621867
2022-09-23 18:00:00,28.723294727369094
2022-09-23 19:00:00,23.56020786630447
2022-09-23 20:00:00,16.37598764128285
2022-09-23 21:00:00,9.371706843459865
2022-09-23 22:00:00,4.54387621812038
2022-09-23 23:00:00,2.5323452352973472
2022-09-24 00:00:00,2.4233055822298066
2022-09-24 01:00:00,2.5962657368436197
2022-09-24 02:00:00,1.9622453198889929
2022-09-24 03:00:00,0.7181882242050364
2022-09-24 04:00:00,0.1612709261247538
2022-09-24 05:00:00,1.7887570913521351
2022-09-24 06:00:00,6.330789675641027
2022-09-24 07:00:00,13.284884505653524
2022-09-24 08:00:00,21.116721570030442
2022-09-24 09:00:00,27.918317503904753
2022-09-24 10:00:00,32.17925416686851
2022-09-24 11:00:00,33.37674639336732
2022-09-24 12:00:00,32.17610568968681
2022-09-24 13:00:00,30.11696801212068
2022-09-24 14:00:00,28.828547958765604
2022-09-24 15:00:00,29.095635842084
2022-09-24 16:00:00,30.314616657128642
2022-09-24 17:00:00,30.775992878644004
2022-09-24 18:00:00,28.72329472751202
2022-09-24 19:00:00,23.560207866149458
2022-09-24 20:00:00,16.375987641576295
2022-09-24 21:00:00,9.371706843701197
2022-09-24 22:00:00,4.543876218077294
2022-09-24 23:00:00,2.5323452353326203
2022-09-25 00:00:00,2.423305582218191
2022-09-25 01:00:00,2.5962657368493343
2022-09-25 02:00:00,1.9622453198586989
2022-09-25 03:00:00,0.7181882242508415
2022-09-25 04:00:00,0.1612709261121097
2022-09-25 05:00:00,1.788757091495123
2022-09-25 06:00:00,6.330789675750935
2022-09-25 07:00:00,13.284884505351716
2022-09-25 08:00:00,21.11672157021183
2022-09-25 09:00:00,27.918317504029496
2022-09-25 10:00:00,32.179254166900634
2022-09-25 11:00:00,33.376746393315415
2022-09-25 12:00:00,32.17610568982371
2022-09-25 13:00:00,30.116968012058514
2022-09-25 14:00:00,28.828547958769335
2022-09-25 15:00:00,29.095635842148315
2022-09-25 16:00:00,30.314616657204073
2022-09-25 17:00:00,30.775992878542013
2022-09-25 18:00:00,28.72329472743963
2022-09-25 19:00:00,23.5602078661886
2022-09-25 20:00:00,16.3759876413971
2022-09-25 21:00:00,9.37170684356912
2022-09-25 22:00:00,4.5438762180342085
2022-09-25 23:00:00,2.5323452353642555
2022-09-26 00:00:00,2.4233055820545353
2022-09-26 01:00:00,2.596265736877843
2022-09-26 02:00:00,1.962245319901216
2022-09-26 03:00:00,0.7181882241831055
2022-09-26 04:00:00,0.16127092606123483
2022-09-26 05:00:00,1.788757091375203
2022-09-26 06:00:00,6.330789675518512
2022-09-26 07:00:00,13.28488450533263
2022-09-26 08:00:00,21.116721569913157
2022-09-26 09:00:00,27.918317503805664
2022-09-26 10:00:00,32.179254166794266
2022-09-26 11:00:00,33.37674639326352
2022-09-26 12:00:00,32.17610568989914
2022-09-26 13:00:00,30.116968012133075
2022-09-26 14:00:00,28.82854795877307
2022-09-26 15:00:00,29.095635842018474
2022-09-26 16:00:00,30.314616657158137
2022-09-26 17:00:00,30.775992878563635
2022-09-26 18:00:00,28.723294727367243
2022-09-26 19:00:00,23.560207866033586
2022-09-26 20:00:00,16.375987641442602
2022-09-26 21:00:00,9.371706843437039
2022-09-26 22:00:00,4.543876217941246
2022-09-26 23:00:00,2.532345235399532
2022-09-27 00:00:00,2.4233055821155816
2022-09-27 01:00:00,2.59626573690635
2022-09-27 02:00:00,1.9622453198709202
2022-09-27 03:00:00,0.7181882243095146
2022-09-27 04:00:00,0.16127092601036352
2022-09-27 05:00:00,1.788757091394574
2022-09-27 06:00:00,6.330789675628418
2022-09-27 07:00:00,13.284884505507696
2022-09-27 08:00:00,21.11672156986985
2022-09-27 09:00:00,27.918317503930403
2022-09-27 10:00:00,32.17925416687627
2022-09-27 11:00:00,33.37674639327154
2022-09-27 12:00:00,32.176105689811344
2022-09-27 13:00:00,30.116968012070917
2022-09-27 14:00:00,28.828547958793905
2022-09-27 15:00:00,29.095635841980844
2022-09-27 16:00:00,30.31461665723357
2022-09-27 17:00:00,30.775992878585775
2022-09-27 18:00:00,28.723294727510172
2022-09-27 19:00:00,23.560207866287563
2022-09-27 20:00:00,16.375987641263404
2022-09-27 21:00:00,9.371706843678375
2022-09-27 22:00:00,4.543876218073763
2022-09-27 23:00:00,2.532345235434809
2022-09-28 00:00:00,2.4233055821766243
2022-09-28 01:00:00,2.5962657369120627
2022-09-28 02:00:00,1.962245319890508
2022-09-28 03:00:00,0.7181882242417679
2022-09-28 04:00:00,0.16127092599771942
2022-09-28 05:00:00,1.7887570914139435
2022-09-28 06:00:00,6.330789675738329
2022-09-28 07:00:00,13.284884505682763
2022-09-28 08:00:00,21.116721570051237
2022-09-28 09:00:00,27.918317503931533
2022-09-28 10:00:00,32.17925416690839
2022-09-28 11:00:00,33.37674639321964
2022-09-28 12:00:00,32.17610568972354
2022-09-28 13:00:00,30.11696801200875
2022-09-28 14:00:00,28.828547958747762
2022-09-28 15:00:00,29.095635842045162
2022-09-28 16:00:00,30.314616657084308
2022-09-28 17:00:00,30.775992878607397
2022-09-28 18:00:00,28.72329472743778
2022-09-28 19:00:00,23.560207866132547
2022-09-28 20:00:00,16.375987641556847
2022-09-28 21:00:00,9.371706843669912
2022-09-28 22:00:00,4.543876218030675
2022-09-28 23:00:00,2.532345235466444
2022-09-29 00:00:00,2.4233055821650087
2022-09-29 01:00:00,2.5962657369405733
2022-09-29 02:00:00,1.9622453199330199
2022-09-29 03:00:00,0.7181882242875766
2022-09-29 04:00:00,0.16127092617154304
2022-09-29 05:00:00,1.788757091556926
2022-09-29 06:00:00,6.330789675505903
2022-09-29 07:00:00,13.284884505380953
2022-09-29 08:00:00,21.116721570232624
2022-09-29 09:00:00,27.918317503707698
2022-09-29 10:00:00,32.17925416680202
2022-09-29 11:00:00,33.376746393167736
2022-09-29 12:00:00,32.17610568986044
2022-09-29 13:00:00,30.116968012083312
2022-09-29 14:00:00,28.828547958751493
2022-09-29 15:00:00,29.095635842109473
2022-09-29 16:00:00,30.31461665715974
2022-09-29 17:00:00,30.775992878505402
2022-09-29 18:00:00,28.723294727365392
2022-09-29 19:00:00,23.56020786617169
2022-09-29 20:00:00,16.375987641377655
2022-09-29 21:00:00,9.371706843537833
2022-09-29 22:00:00,4.543876217987592
2022-09-29 23:00:00,2.5323452355017206
2022-09-30 00:00:00,2.4233055820013565
2022-09-30 01:00:00,2.596265736969084
2022-09-30 02:00:00,1.9622453199027294
2022-09-30 03:00:00,0.718188224219837
2022-09-30 04:00:00,0.16127092612066818
2022-09-30 05:00:00,1.7887570914370112
2022-09-30 06:00:00,6.3307896756158115
2022-09-30 07:00:00,13.284884505361866
2022-09-30 08:00:00,21.11672156993395
2022-09-30 09:00:00,27.91831750383244
2022-09-30 10:00:00,32.17925416683414
2022-09-30 11:00:00,33.37674639317575
2022-09-30 12:00:00,32.17610568993587
2022-09-30 13:00:00,30.116968012021154
2022-09-30 14:00:00,28.828547958772333
2022-09-30 15:00:00,29.095635842071843
2022-09-30 16:00:00,30.3146166571138
2022-09-30 17:00:00,30.775992878527028
2022-09-30 18:00:00,28.72329472750832
2022-09-30 19:00:00,23.560207866425664
2022-09-30 20:00:00,16.37598764119846
2022-09-30 21:00:00,9.371706843405757
2022-09-30 22:00:00,4.543876218120106
2022-09-30 23:00:00,2.532345235342845
2022-10-01 00:00:00,2.423305582062401
2022-10-01 01:00:00,2.596265736873974
2022-10-01 02:00:00,1.962245319872432
2022-10-01 03:00:00,0.7181882241520938
2022-10-01 04:00:00,0.16127092606979687
2022-10-01 05:00:00,1.7887570914563806
2022-10-01 06:00:00,6.330789675675845
2022-10-01 07:00:00,13.284884505536933
2022-10-01 08:00:00,21.116721570115338
2022-10-01 09:00:00,27.91831750395718
2022-10-01 10:00:00,32.17925416686627
2022-10-01 11:00:00,33.376746393318015
2022-10-01 12:00:00,32.17610568984808
2022-10-01 13:00:00,30.116968012082605
2022-10-01 14:00:00,28.828547958776063
2022-10-01 15:00:00,29.095635842136158
2022-10-01 16:00:00,30.314616657189234
2022-10-01 17:00:00,30.775992878549168
2022-10-01 18:00:00,28.723294727485808
2022-10-01 19:00:00,23.560207866270652
2022-10-01 20:00:00,16.375987641491903
2022-10-01 21:00:00,9.371706843647088
2022-10-01 22:00:00,4.543876218077022
2022-10-01 23:00:00,2.53234523537448
2022-10-02 00:00:00,2.4233055820507854
2022-10-02 01:00:00,2.5962657368796886
2022-10-02 02:00:00,1.9622453198920198
2022-10-02 03:00:00,0.718188224197899
2022-10-02 04:00:00,0.16127092605715276
2022-10-02 05:00:00,1.78875709147575
2022-10-02 06:00:00,6.330789675785754
2022-10-02 07:00:00,13.284884505235125
2022-10-02 08:00:00,21.116721570296725
2022-10-02 09:00:00,27.918317503958306
2022-10-02 10:00:00,32.1792541667599
2022-10-02 11:00:00,33.37674639326611
2022-10-02 12:00:00,32.17610568976028
2022-10-02 13:00:00,30.116968012020443
2022-10-02 14:00:00,28.828547958729928
2022-10-02 15:00:00,29.095635842200473
2022-10-02 16:00:00,30.31461665703997
2022-10-02 17:00:00,30.77599287857079
2022-10-02 18:00:00,28.723294727413418
2022-10-02 19:00:00,23.56020786611564
2022-10-02 20:00:00,16.375987641312708
2022-10-02 21:00:00,9.371706843638627
2022-10-02 22:00:00,4.5438762180339385
2022-10-02 23:00:00,2.532345235409757
2022-10-03 00:00:00,2.423305582111828
2022-10-03 01:00:00,2.5962657369081956
2022-10-03 02:00:00,1.9622453199345333
2022-10-03 03:00:00,0.7181882241301558
2022-10-03 04:00:00,0.16127092623097283
2022-10-03 05:00:00,1.7887570913558317
2022-10-03 06:00:00,6.33078967555333
2022-10-03 07:00:00,13.28488450541019
2022-10-03 08:00:00,21.116721569998052
2022-10-03 09:00:00,27.91831750373447
2022-10-03 10:00:00,32.17925416679202
2022-10-03 11:00:00,33.376746393214205
2022-10-03 12:00:00,32.176105689835715
2022-10-03 13:00:00,30.116968012095004
2022-10-03 14:00:00,28.828547958733658
2022-10-03 15:00:00,29.09563584216285
2022-10-03 16:00:00,30.314616656994033
2022-10-03 17:00:00,30.77599287859241
2022-10-03 18:00:00,28.723294727341028
2022-10-03 19:00:00,23.560207866369613
2022-10-03 20:00:00,16.37598764135821
2022-10-03 21:00:00,9.371706843506544
2022-10-03 22:00:00,4.543876217940975
2022-10-03 23:00:00,2.532345235445028
2022-10-04 00:00:00,2.4233055821728726
2022-10-04 01:00:00,2.596265736936706
2022-10-04 02:00:00,1.962245319904243
2022-10-04 03:00:00,0.7181882242565685
2022-10-04 04:00:00,0.16127092618010508
2022-10-04 05:00:00,1.7887570913752011
2022-10-04 06:00:00,6.330789675663237
2022-10-04 07:00:00,13.284884505585255
2022-10-04 08:00:00,21.11672156995474
2022-10-04 09:00:00,27.918317503859214
2022-10-04 10:00:00,32.179254166874024
2022-10-04 11:00:00,33.37674639322223
2022-10-04 12:00:00,32.176105689747914
2022-10-04 13:00:00,30.116968012032842
2022-10-04 14:00:00,28.8285479587545
2022-10-04 15:00:00,29.095635842033005
2022-10-04 16:00:00,30.314616657069465
2022-10-04 17:00:00,30.775992878614552
2022-10-04 18:00:00,28.72329472748396
2022-10-04 19:00:00,23.5602078662146
2022-10-04 20:00:00,16.375987641651655
2022-10-04 21:00:00,9.37170684374788
2022-10-04 22:00:00,4.543876218073491
2022-10-04 23:00:00,2.532345235286151
2022-10-05 00:00:00,2.423305582161257
2022-10-05 01:00:00,2.596265736942419
2022-10-05 02:00:00,1.9622453198739453
2022-10-05 03:00:00,0.7181882241888289
2022-10-05 04:00:00,0.16127092616745742
2022-10-05 05:00:00,1.7887570913945705
2022-10-05 06:00:00,6.3307896757232704
2022-10-05 07:00:00,13.284884505760322
2022-10-05 08:00:00,21.11672157013613
2022-10-05 09:00:00,27.918317503983957
2022-10-05 10:00:00,32.17925416690615
2022-10-05 11:00:00,33.376746393364485
2022-10-05 12:00:00,32.17610568966012
2022-10-05 13:00:00,30.116968012094297
2022-10-05 14:00:00,28.82854795875823
2022-10-05 15:00:00,29.095635842097316
2022-10-05 16:00:00,30.314616657144896
2022-10-05 17:00:00,30.775992878636174
2022-10-05 18:00:00,28.723294727461443
2022-10-05 19:00:00,23.560207866059592
2022-10-05 20:00:00,16.37598764147246
2022-10-05 21:00:00,9.371706843615803
2022-10-05 22:00:00,4.543876218030405
2022-10-05 23:00:00,2.5323452353177895
2022-10-06 00:00:00,2.4233055822223015
2022-10-06 01:00:00,2.596265736847309
2022-10-06 02:00:00,1.9622453199164642
2022-10-06 03:00:00,0.718188224234634
2022-10-06 04:00:00,0.16127092611658256
2022-10-06 05:00:00,1.7887570912746522
2022-10-06 06:00:00,6.330789675490847
2022-10-06 07:00:00,13.284884505458512
2022-10-06 08:00:00,21.116721570317516
2022-10-06 09:00:00,27.91831750376013
2022-10-06 10:00:00,32.17925416679978
2022-10-06 11:00:00,33.37674639331259
2022-10-06 12:00:00,32.17610568979701
2022-10-06 13:00:00,30.116968012168854
2022-10-06 14:00:00,28.828547958761963
2022-10-06 15:00:00,29.09563584216163
2022-10-06 16:00:00,30.31461665709896
2022-10-06 17:00:00,30.775992878534176
2022-10-06 18:00:00,28.723294727389057
2022-10-06 19:00:00,23.56020786609873
2022-10-06 20:00:00,16.375987641293264
2022-10-06 21:00:00,9.371706843483725
2022-10-06 22:00:00,4.543876217987316
2022-10-06 23:00:00,2.5323452353530627
2022-10-07 00:00:00,2.4233055820586458
2022-10-07 01:00:00,2.5962657368758197
2022-10-07 02:00:00,1.9622453198861702
2022-10-07 03:00:00,0.7181882241668944
2022-10-07 04:00:00,0.16127092606571125
2022-10-07 05:00:00,1.7887570914176383
2022-10-07 06:00:00,6.330789675600755
2022-10-07 07:00:00,13.284884505439425
2022-10-07 08:00:00,21.116721570018843
2022-10-07 09:00:00,27.918317503884865
2022-10-07 10:00:00,32.1792541668319
2022-10-07 11:00:00,33.3767463933206
2022-10-07 12:00:00,32.17610568987245
2022-10-07 13:00:00,30.116968012106692
2022-10-07 14:00:00,28.8285479587828
2022-10-07 15:00:00,29.095635842124
2022-10-07 16:00:00,30.31461665717439
2022-10-07 17:00:00,30.775992878556323
2022-10-07 18:00:00,28.723294727531986
2022-10-07 19:00:00,23.560207866352705
2022-10-07 20:00:00,16.375987641338764
2022-10-07 21:00:00,9.371706843725057
2022-10-07 22:00:00,4.543876218119834
2022-10-07 23:00:00,2.5323452353883376
2022-10-08 00:00:00,2.4233055821196903
2022-10-08 01:00:00,2.5962657368815325
2022-10-08 02:00:00,1.9622453198558762
2022-10-08 03:00:00,0.7181882242933035
2022-10-08 04:00:00,0.16127092601483994
2022-10-08 05:00:00,1.7887570914370077
2022-10-08 06:00:00,6.330789675710665
2022-10-08 07:00:00,13.284884505614492
2022-10-08 08:00:00,21.116721569975535
2022-10-08 09:00:00,27.918317504009607
2022-10-08 10:00:00,32.17925416691391
2022-10-08 11:00:00,33.376746393268704
2022-10-08 12:00:00,32.17610568978465
2022-10-08 13:00:00,30.11696801204453
2022-10-08 14:00:00,28.828547958786533
2022-10-08 15:00:00,29.09563584199416
2022-10-08 16:00:00,30.314616657249825
2022-10-08 17:00:00,30.77599287857794
2022-10-08 18:00:00,28.723294727459596
2022-10-08 19:00:00,23.560207866197693
2022-10-08 20:00:00,16.375987641632207
2022-10-08 21:00:00,9.371706843592978
2022-10-08 22:00:00,4.543876218026872
2022-10-08 23:00:00,2.5323452354199727
2022-10-09 00:00:00,2.4233055821080747
2022-10-09 01:00:00,2.596265736910043
2022-10-09 02:00:00,1.9622453198983916
2022-10-09 03:00:00,0.7181882243391087
2022-10-09 04:00:00,0.16127092600219228
2022-10-09 05:00:00,1.788757091456377
2022-10-09 06:00:00,6.33078967547824
2022-10-09 07:00:00,13.284884505312682
2022-10-09 08:00:00,21.116721570156923
2022-10-09 09:00:00,27.91831750401073
2022-10-09 10:00:00,32.17925416680754
2022-10-09 11:00:00,33.3767463932168
2022-10-09 12:00:00,32.176105689696854
2022-10-09 13:00:00,30.11696801198237
2022-10-09 14:00:00,28.82854795874039
2022-10-09 15:00:00,29.095635842058478
2022-10-09 16:00:00,30.31461665710056
2022-10-09 17:00:00,30.775992878599563
2022-10-09 18:00:00,28.723294727387206
2022-10-09 19:00:00,23.56020786604268
2022-10-09 20:00:00,16.375987641453015
2022-10-09 21:00:00,9.371706843584516
2022-10-09 22:00:00,4.543876217983785
2022-10-09 23:00:00,2.5323452354552494
2022-10-10 00:00:00,2.400699222009745
2022-10-10 01:00:00,2.573659376779176
2022-10-10 02:00:00,1.9396389597586001
2022-10-10 03:00:00,0.6955818641119969
2022-10-10 04:00:00,0.13866456601664368
2022-10-10 05:00:00,1.766150731177083
2022-10-10 06:00:00,6.3081833154287725
2022-10-10 07:00:00,13.262278145328375
2022-10-10 08:00:00,21.094115209698874
2022-10-10 09:00:00,27.895711143627526
2022-10-10 10:00:00,32.15664780668028
2022-10-10 11:00:00,33.35414003306545
2022-10-10 12:00:00,32.15349932961291
2022-10-10 13:00:00,30.094361651897557
2022-10-10 14:00:00,28.805941598584752
2022-10-10 15:00:00,29.073029481861468
2022-10-10 16:00:00,30.29201029689525
2022-10-10 17:00:00,30.753386518338196
2022-10-10 18:00:00,28.70068836737076
2022-10-10 19:00:00,23.53760150613728
2022-10-10 20:00:00,16.353381281114444
2022-10-10 21:00:00,9.349100483293064
2022-10-10 22:00:00,4.521269857956927
2022-10-10 23:00:00,2.509738875331154
2022-10-11 00:00:00,2.423305582005467
2022-10-11 01:00:00,2.5962657369670605
2022-10-11 02:00:00,1.9622453198876837
2022-10-11 03:00:00,0.7181882242036259
2022-10-11 04:00:00,0.1612709261251446
2022-10-11 05:00:00,1.788757091479443
2022-10-11 06:00:00,6.330789675698057
2022-10-11 07:00:00,13.28488450546866
2022-10-11 08:00:00,21.116721570039637
2022-10-11 09:00:00,27.918317503911645
2022-10-11 10:00:00,32.179254166871786
2022-10-11 11:00:00,33.37674639317292
2022-10-11 12:00:00,32.17610568990918
2022-10-11 13:00:00,30.11696801199477
2022-10-11 14:00:00,28.828547958764958
2022-10-11 15:00:00,29.095635842085162
2022-10-11 16:00:00,30.31461665713006
2022-10-11 17:00:00,30.77599287851971
2022-10-11 18:00:00,28.723294727457745
2022-10-11 19:00:00,23.560207866335794
2022-10-11 20:00:00,16.375987641567264
2022-10-11 21:00:00,9.37170684369377
2022-10-11 22:00:00,4.5438762180732155
2022-10-11 23:00:00,2.5323452355221594
2022-10-12 00:00:00,2.4233055819938514
2022-10-12 01:00:00,2.596265736972775
2022-10-12 02:00:00,1.9622453198573897
2022-10-12 03:00:00,0.7181882242494311
2022-10-12 04:00:00,0.1612709261125005
2022-10-12 05:00:00,1.7887570914988142
2022-10-12 06:00:00,6.330789675758091
2022-10-12 07:00:00,13.28488450516685
2022-10-12 08:00:00,21.116721570221024
2022-10-12 09:00:00,27.91831750403638
2022-10-12 10:00:00,32.17925416690391
2022-10-12 11:00:00,33.37674639331517
2022-10-12 12:00:00,32.176105689821384
2022-10-12 13:00:00,30.116968012056223
2022-10-12 14:00:00,28.828547958768695
2022-10-12 15:00:00,29.095635842149473
2022-10-12 16:00:00,30.31461665720549
2022-10-12 17:00:00,30.77599287854133
2022-10-12 18:00:00,28.72329472743523
2022-10-12 19:00:00,23.560207866180782
2022-10-12 20:00:00,16.37598764138807
2022-10-12 21:00:00,9.371706843561695
2022-10-12 22:00:00,4.54387621803013
2022-10-12 23:00:00,2.532345235363284
2022-10-13 00:00:00,2.423305582054896
2022-10-13 01:00:00,2.596265736877667
2022-10-13 02:00:00,1.9622453198999068
2022-10-13 03:00:00,0.7181882241816915
2022-10-13 04:00:00,0.16127092606162563
2022-10-13 05:00:00,1.788757091378896
2022-10-13 06:00:00,6.330789675525665
2022-10-13 07:00:00,13.28488450534192
2022-10-13 08:00:00,21.11672156992235
2022-10-13 09:00:00,27.918317503812553
2022-10-13 10:00:00,32.179254166797534
2022-10-13 11:00:00,33.376746393263275
2022-10-13 12:00:00,32.176105689896815
2022-10-13 13:00:00,30.116968012130783
2022-10-13 14:00:00,28.828547958722552
2022-10-13 15:00:00,29.095635842213788
2022-10-13 16:00:00,30.31461665715955
2022-10-13 17:00:00,30.775992878562953
2022-10-13 18:00:00,28.72329472736284
2022-10-13 19:00:00,23.56020786643476
2022-10-13 20:00:00,16.375987641208873
2022-10-13 21:00:00,9.37170684355323
2022-10-13 22:00:00,4.543876217987044
2022-10-13 23:00:00,2.5323452353985605
2022-10-14 00:00:00,2.4233055821159386
2022-10-14 01:00:00,2.596265736906174
2022-10-14 02:00:00,1.9622453199194876
2022-10-14 03:00:00,0.7181882241139519
2022-10-14 04:00:00,0.16127092623544925
2022-10-14 05:00:00,1.7887570913982653
2022-10-14 06:00:00,6.330789675635572
2022-10-14 07:00:00,13.284884505516985
2022-10-14 08:00:00,21.11672157010374
2022-10-14 09:00:00,27.918317503813675
2022-10-14 10:00:00,32.179254166829665
2022-10-14 11:00:00,33.37674639327129
2022-10-14 12:00:00,32.17610568980902
2022-10-14 13:00:00,30.116968012068618
2022-10-14 14:00:00,28.82854795874339
2022-10-14 15:00:00,29.095635842176154
2022-10-14 16:00:00,30.314616657010287
2022-10-14 17:00:00,30.775992878585093
2022-10-14 18:00:00,28.723294727505774
2022-10-14 19:00:00,23.560207866279743
2022-10-14 20:00:00,16.375987641254376
2022-10-14 21:00:00,9.371706843794563
2022-10-14 22:00:00,4.543876218119562
2022-10-14 23:00:00,2.532345235433837
2022-10-15 00:00:00,2.423305582104323
2022-10-15 01:00:00,2.5962657369118887
2022-10-15 02:00:00,1.9622453198891971
2022-10-15 03:00:00,0.718188224240361
2022-10-15 04:00:00,0.16127092622280514
2022-10-15 05:00:00,1.7887570914176347
2022-10-15 06:00:00,6.330789675745482
2022-10-15 07:00:00,13.28488450569205
2022-10-15 08:00:00,21.116721570060427
2022-10-15 09:00:00,27.918317503938418
2022-10-15 10:00:00,32.17925416691167
2022-10-15 11:00:00,33.37674639321939
2022-10-15 12:00:00,32.176105689721226
2022-10-15 13:00:00,30.11696801200646
2022-10-15 14:00:00,28.828547958747123
2022-10-15 15:00:00,29.09563584204632
2022-10-15 16:00:00,30.31461665708572
2022-10-15 17:00:00,30.775992878606715
2022-10-15 18:00:00,28.72329472743338
2022-10-15 19:00:00,23.56020786612473
2022-10-15 20:00:00,16.375987641547816
2022-10-15 21:00:00,9.371706843662485
2022-10-15 22:00:00,4.543876218026597
2022-10-15 23:00:00,2.532345235465467
2022-10-16 00:00:00,2.4233055821653675
2022-10-16 01:00:00,2.596265736940399
2022-10-16 02:00:00,1.9622453199317142
2022-10-16 03:00:00,0.7181882242861661
2022-10-16 04:00:00,0.16127092617193028
2022-10-16 05:00:00,1.7887570912977147
2022-10-16 06:00:00,6.330789675513056
2022-10-16 07:00:00,13.284884505390242
2022-10-16 08:00:00,21.11672157024182
2022-10-16 09:00:00,27.91831750371459
2022-10-16 10:00:00,32.17925416680529
2022-10-16 11:00:00,33.37674639336164
2022-10-16 12:00:00,32.176105689633424
2022-10-16 13:00:00,30.116968012081017
2022-10-16 14:00:00,28.828547958750853
2022-10-16 15:00:00,29.09563584211063
2022-10-16 16:00:00,30.314616657161153
2022-10-16 17:00:00,30.775992878628337
2022-10-16 18:00:00,28.723294727410867
2022-10-16 19:00:00,23.560207865969723
2022-10-16 20:00:00,16.37598764136862
2022-10-16 21:00:00,9.371706843530408
2022-10-16 22:00:00,4.543876217983513
2022-10-16 23:00:00,2.532345235306593
2022-10-17 00:00:00,2.4233055822264085
2022-10-17 01:00:00,2.5962657368452877
2022-10-17 02:00:00,1.9622453199014185
2022-10-17 03:00:00,0.718188224218423
2022-10-17 04:00:00,0.16127092612105542
2022-10-17 05:00:00,1.788757091317084
2022-10-17 06:00:00,6.33078967557309
2022-10-17 07:00:00,13.284884505565309
2022-10-17 08:00:00,21.11672156994314
2022-10-17 09:00:00,27.91831750383933
2022-10-17 10:00:00,32.17925416683742
2022-10-17 11:00:00,33.376746393369665
2022-10-17 12:00:00,32.17610568970886
2022-10-17 13:00:00,30.116968012142472
2022-10-17 14:00:00,28.828547958771694
2022-10-17 15:00:00,29.095635842073
2022-10-17 16:00:00,30.314616657115216
2022-10-17 17:00:00,30.775992878526345
2022-10-17 18:00:00,28.7232947275538
2022-10-17 19:00:00,23.560207866223692
2022-10-17 20:00:00,16.37598764118943
2022-10-17 21:00:00,9.371706843398325
2022-10-17 22:00:00,4.543876218116029
2022-10-17 23:00:00,2.532345235341868
2022-10-18 00:00:00,2.423305582062758
2022-10-18 01:00:00,2.5962657368510023
2022-10-18 02:00:00,1.9622453198711245
2022-10-18 03:00:00,0.7181882241506834
2022-10-18 04:00:00,0.16127092607018412
2022-10-18 05:00:00,1.788757091460072
2022-10-18 06:00:00,6.330789675682999
2022-10-18 07:00:00,13.28488450554622
2022-10-18 08:00:00,21.11672157012453
2022-10-18 09:00:00,27.91831750396407
2022-10-18 10:00:00,32.17925416686954
2022-10-18 11:00:00,33.37674639331776
2022-10-18 12:00:00,32.176105689845755
2022-10-18 13:00:00,30.116968012080306
2022-10-18 14:00:00,28.828547958775424
2022-10-18 15:00:00,29.095635842137316
2022-10-18 16:00:00,30.314616657190648
2022-10-18 17:00:00,30.775992878548486
2022-10-18 18:00:00,28.72329472748141
2022-10-18 19:00:00,23.560207866262836
2022-10-18 20:00:00,16.375987641482872
2022-10-18 21:00:00,9.371706843639661
2022-10-18 22:00:00,4.543876218072942
2022-10-18 23:00:00,2.532345235373503
2022-10-19 00:00:00,2.4233055820511407
2022-10-19 01:00:00,2.596265736879513
2022-10-19 02:00:00,1.9622453198408358
2022-10-19 03:00:00,0.7181882241964885
2022-10-19 04:00:00,0.16127092605754
2022-10-19 05:00:00,1.7887570914794377
2022-10-19 06:00:00,6.330789675450575
2022-10-19 07:00:00,13.284884505244412
2022-10-19 08:00:00,21.11672157008122
2022-10-19 09:00:00,27.91831750408881
2022-10-19 10:00:00,32.17925416676317
2022-10-19 11:00:00,33.37674639326586
2022-10-19 12:00:00,32.17610568975796
2022-10-19 13:00:00,30.116968012018148
2022-10-19 14:00:00,28.82854795877916
2022-10-19 15:00:00,29.095635842007475
2022-10-19 16:00:00,30.314616657266082
2022-10-19 17:00:00,30.775992878570108
2022-10-19 18:00:00,28.72329472740902
2022-10-19 19:00:00,23.560207866107824
2022-10-19 20:00:00,16.375987641528372
2022-10-19 21:00:00,9.371706843507578
2022-10-19 22:00:00,4.543876217979978
2022-10-19 23:00:00,2.532345235408778
2022-10-20 00:00:00,2.423305582112185
2022-10-20 01:00:00,2.5962657369080233
2022-10-20 02:00:00,1.9622453198833476
2022-10-20 03:00:00,0.7181882243229012
2022-10-20 04:00:00,0.1612709260066687
2022-10-20 05:00:00,1.788757091359523
2022-10-20 06:00:00,6.330789675560483
2022-10-20 07:00:00,13.284884505419477
2022-10-20 08:00:00,21.11672156978255
2022-10-20 09:00:00,27.918317503864984
2022-10-20 10:00:00,32.179254166845176
2022-10-20 11:00:00,33.37674639327388
2022-10-20 12:00:00,32.17610568983339
2022-10-20 13:00:00,30.11696801209271
2022-10-20 14:00:00,28.82854795873302
2022-10-20 15:00:00,29.09563584196985
2022-10-20 16:00:00,30.314616657220142
2022-10-20 17:00:00,30.77599287859173
2022-10-20 18:00:00,28.72329472733663
2022-10-20 19:00:00,23.560207866361793
2022-10-20 20:00:00,16.37598764134918
2022-10-20 21:00:00,9.371706843499119
2022-10-20 22:00:00,4.543876217936896
2022-10-20 23:00:00,2.5323452354440565
2022-10-21 00:00:00,2.4233055821732297
2022-10-21 01:00:00,2.5962657369365303
2022-10-21 02:00:00,1.9622453199029302
2022-10-21 03:00:00,0.718188224255158
2022-10-21 04:00:00,0.16127092618049232
2022-10-21 05:00:00,1.7887570913788924
2022-10-21 06:00:00,6.33078967567039
2022-10-21 07:00:00,13.284884505594544
2022-10-21 08:00:00,21.116721569963936
2022-10-21 09:00:00,27.918317503866106
2022-10-21 10:00:00,32.1792541668773
2022-10-21 11:00:00,33.37674639322198
2022-10-21 12:00:00,32.1761056897456
2022-10-21 13:00:00,30.116968012030547
2022-10-21 14:00:00,28.828547958753852
2022-10-21 15:00:00,29.095635842034163
2022-10-21 16:00:00,30.31461665707088
2022-10-21 17:00:00,30.77599287861387
2022-10-21 18:00:00,28.72329472747956
2022-10-21 19:00:00,23.560207866206785
2022-10-21 20:00:00,16.37598764164262
2022-10-21 21:00:00,9.371706843740451
2022-10-21 22:00:00,4.5438762180694106
2022-10-21 23:00:00,2.5323452354793314
2022-10-22 00:00:00,2.423305582161614
2022-10-22 01:00:00,2.596265736942243
2022-10-22 02:00:00,1.9622453198726397
2022-10-22 03:00:00,0.7181882241874185
2022-10-22 04:00:00,0.1612709261678411
2022-10-22 05:00:00,1.788757091521875
2022-10-22 06:00:00,6.3307896757803
2022-10-22 07:00:00,13.284884505292736
2022-10-22 08:00:00,21.116721570145323
2022-10-22 09:00:00,27.91831750399085
2022-10-22 10:00:00,32.17925416690942
2022-10-22 11:00:00,33.37674639317008
2022-10-22 12:00:00,32.17610568988249
2022-10-22 13:00:00,30.116968011968382
2022-10-22 14:00:00,28.82854795875759
2022-10-22 15:00:00,29.095635842098474
2022-10-22 16:00:00,30.31461665714631
2022-10-22 17:00:00,30.775992878511875
2022-10-22 18:00:00,28.723294727407172
2022-10-22 19:00:00,23.560207866245925
2022-10-22 20:00:00,16.375987641463425
2022-10-22 21:00:00,9.371706843608376
2022-10-22 22:00:00,4.543876218026327
2022-10-22 23:00:00,2.5323452355109666
2022-10-23 00:00:00,2.423305581997962
2022-10-23 01:00:00,2.5962657369707536
2022-10-23 02:00:00,1.962245319915155
2022-10-23 03:00:00,0.7181882242332236
2022-10-23 04:00:00,0.16127092611697336
2022-10-23 05:00:00,1.7887570914019584
2022-10-23 06:00:00,6.330789675547875
2022-10-23 07:00:00,13.284884505273649
2022-10-23 08:00:00,21.11672157032671
2022-10-23 09:00:00,27.918317503767014
2022-10-23 10:00:00,32.179254166803055
2022-10-23 11:00:00,33.37674639331233
2022-10-23 12:00:00,32.17610568995792
2022-10-23 13:00:00,30.116968012042943
2022-10-23 14:00:00,28.828547958761323
2022-10-23 15:00:00,29.09563584216279
2022-10-23 16:00:00,30.314616657100373
2022-10-23 17:00:00,30.775992878533494
2022-10-23 18:00:00,28.723294727384655
2022-10-23 19:00:00,23.560207866090913
2022-10-23 20:00:00,16.375987641284233
2022-10-23 21:00:00,9.371706843476296
2022-10-23 22:00:00,4.5438762179832395
2022-10-23 23:00:00,2.532345235352089
2022-10-24 00:00:00,2.4233055820590064
2022-10-24 01:00:00,2.596265736875644
2022-10-24 02:00:00,1.962245319884861
2022-10-24 03:00:00,0.718188224165484
2022-10-24 04:00:00,0.1612709260660985
2022-10-24 05:00:00,1.7887570914213295
2022-10-24 06:00:00,6.3307896756079085
2022-10-24 07:00:00,13.284884505448712
2022-10-24 08:00:00,21.116721570028037
2022-10-24 09:00:00,27.918317503891757
2022-10-24 10:00:00,32.17925416683518
2022-10-24 11:00:00,33.37674639332035
2022-10-24 12:00:00,32.17610568987013
2022-10-24 13:00:00,30.1169680121044
2022-10-24 14:00:00,28.828547958782156
2022-10-24 15:00:00,29.095635842125155
2022-10-24 16:00:00,30.314616657175804
2022-10-24 17:00:00,30.775992878555638
2022-10-24 18:00:00,28.72329472752758
2022-10-24 19:00:00,23.560207866344886
2022-10-24 20:00:00,16.375987641105038
2022-10-24 21:00:00,9.371706843717629
2022-10-24 22:00:00,4.543876218115756
2022-10-24 23:00:00,2.532345235387366
2022-10-25 00:00:00,2.4233055821200473
2022-10-25 01:00:00,2.5962657368813638
2022-10-25 02:00:00,1.962245319904449
2022-10-25 03:00:00,0.7181882240977373
2022-10-25 04:00:00,0.16127092623992567
2022-10-25 05:00:00,1.788757091440699
2022-10-25 06:00:00,6.330789675717815
2022-10-25 07:00:00,13.284884505623781
2022-10-25 08:00:00,21.116721570209425
2022-10-25 09:00:00,27.918317503892883
2022-10-25 10:00:00,32.1792541668673
2022-10-25 11:00:00,33.37674639326845
2022-10-25 12:00:00,32.17610568978233
2022-10-25 13:00:00,30.116968012042236
2022-10-25 14:00:00,28.828547958736014
2022-10-25 15:00:00,29.095635842189473
2022-10-25 16:00:00,30.31461665702654
2022-10-25 17:00:00,30.77599287857726
2022-10-25 18:00:00,28.723294727455198
2022-10-25 19:00:00,23.560207866189877
2022-10-25 20:00:00,16.375987641398478
2022-10-25 21:00:00,9.371706843709166
2022-10-25 22:00:00,4.543876218072668
2022-10-25 23:00:00,2.532345235419003
2022-10-26 00:00:00,2.4233055821084353
2022-10-26 01:00:00,2.596265736909867
2022-10-26 02:00:00,1.962245319946959
2022-10-26 03:00:00,0.718188224143546
2022-10-26 04:00:00,0.161270926227278
2022-10-26 05:00:00,1.7887570914600683
2022-10-26 06:00:00,6.330789675485393
2022-10-26 07:00:00,13.284884505321973
2022-10-26 08:00:00,21.116721570166114
2022-10-26 09:00:00,27.918317504017622
2022-10-26 10:00:00,32.179254166760934
2022-10-26 11:00:00,33.37674639321655
2022-10-26 12:00:00,32.17610568969453
2022-10-26 13:00:00,30.116968012116796
2022-10-26 14:00:00,28.828547958739748
2022-10-26 15:00:00,29.095635842059636
2022-10-26 16:00:00,30.314616657101972
2022-10-26 17:00:00,30.77599287859888
2022-10-26 18:00:00,28.723294727382807
2022-10-26 19:00:00,23.56020786603486
2022-10-26 20:00:00,16.37598764144398
2022-10-26 21:00:00,9.371706843577089
2022-10-26 22:00:00,4.543876217979706
2022-10-26 23:00:00,2.532345235454276
2022-10-27 00:00:00,2.4233055821694762
2022-10-27 01:00:00,2.596265736938374
2022-10-27 02:00:00,1.962245319916665
2022-10-27 03:00:00,0.7181882242699587
2022-10-27 04:00:00,0.1612709261764067
2022-10-27 05:00:00,1.78875709134015
2022-10-27 06:00:00,6.3307896755953
2022-10-27 07:00:00,13.284884505497038
2022-10-27 08:00:00,21.11672156986744
2022-10-27 09:00:00,27.918317503793787
2022-10-27 10:00:00,32.17925416684294
2022-10-27 11:00:00,33.37674639322458
2022-10-27 12:00:00,32.17610568976996
2022-10-27 13:00:00,30.116968012054635
2022-10-27 14:00:00,28.828547958743478
2022-10-27 15:00:00,29.095635842022002
2022-10-27 16:00:00,30.31461665705604
2022-10-27 17:00:00,30.775992878620503
2022-10-27 18:00:00,28.723294727525733
2022-10-27 19:00:00,23.560207866288838
2022-10-27 20:00:00,16.375987641264786
2022-10-27 21:00:00,9.371706843445008
2022-10-27 22:00:00,4.5438762181122225
2022-10-27 23:00:00,2.5323452352953986
2022-10-28 00:00:00,2.423305582230519
2022-10-28 01:00:00,2.596265736843268
2022-10-28 02:00:00,1.9622453198863745
2022-10-28 03:00:00,0.7181882242022155
2022-10-28 04:00:00,0.1612709261255354
2022-10-28 05:00:00,1.7887570913595177
2022-10-28 06:00:00,6.330789675655334
2022-10-28 07:00:00,13.284884505672103
2022-10-28 08:00:00,21.11672157004883
2022-10-28 09:00:00,27.91831750391853
2022-10-28 10:00:00,32.179254166875054
2022-10-28 11:00:00,33.37674639336683
2022-10-28 12:00:00,32.17610568968217
2022-10-28 13:00:00,30.11696801211609
2022-10-28 14:00:00,28.828547958764318
2022-10-28 15:00:00,29.095635842086317
2022-10-28 16:00:00,30.314616657131467
2022-10-28 17:00:00,30.775992878642644
2022-10-28 18:00:00,28.723294727503223
2022-10-28 19:00:00,23.560207866133826
2022-10-28 20:00:00,16.37598764155823
2022-10-28 21:00:00,9.371706843686342
2022-10-28 22:00:00,4.543876218069135
2022-10-28 23:00:00,2.5323452353270355
2022-10-29 00:00:00,2.423305582218907
2022-10-29 01:00:00,2.5962657368489825
2022-10-29 02:00:00,1.9622453198560805
2022-10-29 03:00:00,0.7181882242480206
2022-10-29 04:00:00,0.16127092611288774
2022-10-29 05:00:00,1.7887570915025055
2022-10-29 06:00:00,6.330789675765244
2022-10-29 07:00:00,13.284884505370295
2022-10-29 08:00:00,21.11672157023022
2022-10-29 09:00:00,27.918317504043273
2022-10-29 10:00:00,32.179254166907185
2022-10-29 11:00:00,33.376746393314924
2022-10-29 12:00:00,32.17610568981907
2022-10-29 13:00:00,30.11696801205393
2022-10-29 14:00:00,28.828547958768052
2022-10-29 15:00:00,29.09563584215063
2022-10-29 16:00:00,30.314616657206905
2022-10-29 17:00:00,30.77599287854065
2022-10-29 18:00:00,28.723294727430833
2022-10-29 19:00:00,23.560207866172966
2022-10-29 20:00:00,16.375987641379037
2022-10-29 21:00:00,9.371706843554264
2022-10-29 22:00:00,4.5438762180260515
2022-10-29 23:00:00,2.5323452353623104
2022-10-30 00:00:00,2.423305582055251
2022-10-30 01:00:00,2.5962657368774895
2022-10-30 02:00:00,1.9622453198985959
2022-10-30 03:00:00,0.718188224180281
2022-10-30 04:00:00,0.16127092606201288
2022-10-30 05:00:00,1.7887570913825872
2022-10-30 06:00:00,6.330789675532818
2022-10-30 07:00:00,13.284884505351208
2022-10-30 08:00:00,21.116721569931542
2022-10-30 09:00:00,27.91831750381944
2022-10-30 10:00:00,32.17925416680082
2022-10-30 11:00:00,33.37674639326302
2022-10-30 12:00:00,32.1761056898945
2022-10-30 13:00:00,30.11696801212849
2022-10-30 14:00:00,28.828547958771786
2022-10-30 15:00:00,29.09563584202079
2022-10-30 16:00:00,30.31461665716097
2022-10-30 17:00:00,30.77599287856227
2022-10-30 18:00:00,28.723294727358443
2022-10-30 19:00:00,23.56020786642694
2022-10-30 20:00:00,16.375987641424537
2022-10-30 21:00:00,9.371706843422185
2022-10-30 22:00:00,4.543876217933089
2022-10-30 23:00:00,2.532345235397587
2022-10-31 00:00:00,2.4233055821162974
2022-10-31 01:00:00,2.5962657369059965
2022-10-31 02:00:00,1.9622453198683019
2022-10-31 03:00:00,0.7181882243066937
2022-10-31 04:00:00,0.16127092601114157
2022-10-31 05:00:00,1.7887570914019566
2022-10-31 06:00:00,6.330789675642729
2022-10-31 07:00:00,13.284884505526273
2022-10-31 08:00:00,21.116721569888234
2022-10-31 09:00:00,27.918317503944184
2022-10-31 10:00:00,32.179254166882814
2022-10-31 11:00:00,33.37674639327105
2022-10-31 12:00:00,32.1761056898067
2022-10-31 13:00:00,30.116968012066327
2022-10-31 14:00:00,28.82854795879262
2022-10-31 15:00:00,29.09563584198316
2022-10-31 16:00:00,30.314616657236396
2022-10-31 17:00:00,30.77599287858441
2022-10-31 18:00:00,28.72329472750137
2022-10-31 19:00:00,23.560207866271927
2022-10-31 20:00:00,16.37598764171798
2022-10-31 21:00:00,9.371706843663521
2022-10-31 22:00:00,4.543876218065606
2022-10-31 23:00:00,2.5323452354328584
2022-11-01 00:00:00,2.42330558210468
2022-11-01 01:00:00,2.596265736911713
2022-11-01 02:00:00,1.9622453198878897
2022-11-01 03:00:00,0.7181882242389541
2022-11-01 04:00:00,0.1612709259984939
2022-11-01 05:00:00,1.7887570914213242
2022-11-01 06:00:00,6.330789675752635
2022-11-01 07:00:00,13.28488450570134
2022-11-01 08:00:00,21.116721570069622
2022-11-01 09:00:00,27.91831750394531
2022-11-01 10:00:00,32.17925416691494
2022-11-01 11:00:00,33.37674639321914
2022-11-01 12:00:00,32.1761056897189
2022-11-01 13:00:00,30.116968012004165
2022-11-01 14:00:00,28.82854795874648
2022-11-01 15:00:00,29.09563584204748
2022-11-01 16:00:00,30.314616657087132
2022-11-01 17:00:00,30.775992878606033
2022-11-01 18:00:00,28.723294727428982
2022-11-01 19:00:00,23.560207866116915
2022-11-01 20:00:00,16.375987641538785
2022-11-01 21:00:00,9.371706843655058
2022-11-01 22:00:00,4.54387621802252
2022-11-01 23:00:00,2.532345235464497
2022-11-02 00:00:00,2.4233055821657246
2022-11-02 01:00:00,2.59626573694022
2022-11-02 02:00:00,1.9622453199303997
2022-11-02 03:00:00,0.7181882242847557
2022-11-02 04:00:00,0.16127092617232108
2022-11-02 05:00:00,1.788757091301406
2022-11-02 06:00:00,6.33078967552021
2022-11-02 07:00:00,13.284884505399532
2022-11-02 08:00:00,21.11672157025101
2022-11-02 09:00:00,27.918317503721475
2022-11-02 10:00:00,32.17925416680857
2022-11-02 11:00:00,33.37674639316724
2022-11-02 12:00:00,32.1761056898558
2022-11-02 13:00:00,30.116968012078722
2022-11-02 14:00:00,28.828547958750214
2022-11-02 15:00:00,29.09563584211179
2022-11-02 16:00:00,30.314616657162567
2022-11-02 17:00:00,30.77599287850404
2022-11-02 18:00:00,28.723294727356592
2022-11-02 19:00:00,23.560207866156055
2022-11-02 20:00:00,16.37598764135959
2022-11-02 21:00:00,9.371706843522976
2022-11-02 22:00:00,4.543876217979436
2022-11-02 23:00:00,2.532345235499772
2022-11-03 00:00:00,2.4233055820020724
2022-11-03 01:00:00,2.5962657369687303
2022-11-03 02:00:00,1.9622453199001093
2022-11-03 03:00:00,0.7181882242170161
2022-11-03 04:00:00,0.16127092612144978
2022-11-03 05:00:00,1.788757091444392
2022-11-03 06:00:00,6.33078967563012
2022-11-03 07:00:00,13.284884505380445
2022-11-03 08:00:00,21.116721569952336
2022-11-03 09:00:00,27.918317503846218
2022-11-03 10:00:00,32.17925416684069
2022-11-03 11:00:00,33.37674639317527
2022-11-03 12:00:00,32.176105689931234
2022-11-03 13:00:00,30.116968012016557
2022-11-03 14:00:00,28.82854795877105
2022-11-03 15:00:00,29.09563584207416
2022-11-03 16:00:00,30.31461665711663
2022-11-03 17:00:00,30.775992878525663
2022-11-03 18:00:00,28.72329472749952
2022-11-03 19:00:00,23.56020786641003
2022-11-03 20:00:00,16.375987641180394
2022-11-03 21:00:00,9.371706843764311
2022-11-03 22:00:00,4.543876218111949
2022-11-03 23:00:00,2.5323452353408946
2022-11-04 00:00:00,2.4233055820631133
2022-11-04 01:00:00,2.596265736974443
2022-11-04 02:00:00,1.9622453198698206
2022-11-04 03:00:00,0.7181882241492765
2022-11-04 04:00:00,0.16127092607057492
2022-11-04 05:00:00,1.7887570914637632
2022-11-04 06:00:00,6.330789675690154
2022-11-04 07:00:00,13.28488450555551
2022-11-04 08:00:00,21.116721570133723
2022-11-04 09:00:00,27.91831750397096
2022-11-04 10:00:00,32.17925416687282
2022-11-04 11:00:00,33.37674639331752
2022-11-04 12:00:00,32.17610568984344
2022-11-04 13:00:00,30.116968012078015
2022-11-04 14:00:00,28.828547958774784
2022-11-04 15:00:00,29.095635842138474
2022-11-04 16:00:00,30.31461665719206
2022-11-04 17:00:00,30.775992878547804
2022-11-04 18:00:00,28.723294727477008
2022-11-04 19:00:00,23.56020786625502
2022-11-04 20:00:00,16.375987641473838
2022-11-04 21:00:00,9.371706843632234
2022-11-04 22:00:00,4.543876218068865
2022-11-04 23:00:00,2.5323452353725298
2022-11-05 00:00:00,2.4233055820514995
2022-11-05 01:00:00,2.5962657368793334
2022-11-05 02:00:00,1.9622453199123324
2022-11-05 03:00:00,0.7181882241950817
2022-11-05 04:00:00,0.16127092605792726
2022-11-05 05:00:00,1.7887570914831326
2022-11-05 06:00:00,6.330789675457728
2022-11-05 07:00:00,13.2848845052537
2022-11-05 08:00:00,21.11672157031511
2022-11-05 09:00:00,27.918317503972084
2022-11-05 10:00:00,32.17925416676645
2022-11-05 11:00:00,33.37674639326562
2022-11-05 12:00:00,32.17610568975564
2022-11-05 13:00:00,30.116968012015853
2022-11-05 14:00:00,28.82854795872864
2022-11-05 15:00:00,29.09563584220279
2022-11-05 16:00:00,30.314616657042798
2022-11-05 17:00:00,30.775992878569422
2022-11-05 18:00:00,28.72329472740462
2022-11-05 19:00:00,23.560207866100008
2022-11-05 20:00:00,16.375987641294643
2022-11-05 21:00:00,9.37170684362377
2022-11-05 22:00:00,4.543876218025778
2022-11-05 23:00:00,2.532345235407808
2022-11-06 00:00:00,2.423305582112542
2022-11-06 01:00:00,2.596265736907844
2022-11-06 02:00:00,1.962245319931915
2022-11-06 03:00:00,0.7181882241273385
2022-11-06 04:00:00,0.16127092623175443
2022-11-06 05:00:00,1.7887570913632143
2022-11-06 06:00:00,6.330789675567635
2022-11-06 07:00:00,13.284884505428767
2022-11-06 08:00:00,21.116721570016438
2022-11-06 09:00:00,27.918317503748252
2022-11-06 10:00:00,32.17925416679857
2022-11-06 11:00:00,33.376746393273635
2022-11-06 12:00:00,32.17610568983107
2022-11-06 13:00:00,30.116968012090414
2022-11-06 14:00:00,28.828547958732376
2022-11-06 15:00:00,29.09563584216516
2022-11-06 16:00:00,30.314616656996858
2022-11-06 17:00:00,30.775992878591047
2022-11-06 18:00:00,28.72329472733223
2022-11-06 19:00:00,23.560207866353977
2022-11-06 20:00:00,16.375987641340146
2022-11-06 21:00:00,9.37170684349169
2022-11-06 22:00:00,4.543876218158294
2022-11-06 23:00:00,2.532345235443083
2022-11-07 00:00:00,2.4233055821735867
2022-11-07 01:00:00,2.5962657369363544
2022-11-07 02:00:00,1.9622453199016245
2022-11-07 03:00:00,0.7181882242537512
2022-11-07 04:00:00,0.16127092618087957
2022-11-07 05:00:00,1.7887570913825819
2022-11-07 06:00:00,6.330789675677545
2022-11-07 07:00:00,13.284884505603832
2022-11-07 08:00:00,21.116721569973127
2022-11-07 09:00:00,27.91831750387299
2022-11-07 10:00:00,32.179254166880575
2022-11-07 11:00:00,33.37674639322174
2022-11-07 12:00:00,32.17610568974327
2022-11-07 13:00:00,30.11696801202825
2022-11-07 14:00:00,28.828547958753212
2022-11-07 15:00:00,29.09563584203532
2022-11-07 16:00:00,30.314616657072293
2022-11-07 17:00:00,30.775992878613188
2022-11-07 18:00:00,28.723294727475157
2022-11-07 19:00:00,23.560207866198965
2022-11-07 20:00:00,16.37598764163359
2022-11-07 21:00:00,9.371706843733024
2022-11-07 22:00:00,4.543876218065332
2022-11-07 23:00:00,2.5323452352842057
2022-11-08 00:00:00,2.423305582161973
2022-11-08 01:00:00,2.596265736942067
2022-11-08 02:00:00,1.962245319871334
2022-11-08 03:00:00,0.7181882242995563
2022-11-08 04:00:00,0.1612709261682319
2022-11-08 05:00:00,1.788757091401953
2022-11-08 06:00:00,6.330789675737577
2022-11-08 07:00:00,13.284884505302024
2022-11-08 08:00:00,21.116721570154514
2022-11-08 09:00:00,27.918317503997738
2022-11-08 10:00:00,32.1792541669127
2022-11-08 11:00:00,33.37674639336399
2022-11-08 12:00:00,32.17610568965547
2022-11-08 13:00:00,30.116968012089707
2022-11-08 14:00:00,28.828547958756943
2022-11-08 15:00:00,29.095635842099632
2022-11-08 16:00:00,30.314616657147724
2022-11-08 17:00:00,30.77599287863481
2022-11-08 18:00:00,28.723294727452647
2022-11-08 19:00:00,23.560207866043957
2022-11-08 20:00:00,16.375987641454394
2022-11-08 21:00:00,9.371706843600949
2022-11-08 22:00:00,4.543876218022245
2022-11-08 23:00:00,2.532345235315839
2022-11-09 00:00:00,2.4233055822230156
2022-11-09 01:00:00,2.596265736846961
2022-11-09 02:00:00,1.9622453199138405
2022-11-09 03:00:00,0.7181882242318167
2022-11-09 04:00:00,0.1612709261173606
2022-11-09 05:00:00,1.7887570912820348
2022-11-09 06:00:00,6.330789675505153
2022-11-09 07:00:00,13.284884505477091
2022-11-09 08:00:00,21.11672156985584
2022-11-09 09:00:00,27.9183175037739
2022-11-09 10:00:00,32.17925416680633
2022-11-09 11:00:00,33.37674639331209
2022-11-09 12:00:00,32.1761056897309
2022-11-09 13:00:00,30.11696801216427
2022-11-09 14:00:00,28.82854795876068
2022-11-09 15:00:00,29.095635842163947
2022-11-09 16:00:00,30.314616657101787
2022-11-09 17:00:00,30.77599287853282
2022-11-09 18:00:00,28.723294727380257
2022-11-09 19:00:00,23.560207866083097
2022-11-09 20:00:00,16.3759876412752
2022-11-09 21:00:00,9.371706843468868
2022-11-09 22:00:00,4.543876217979161
2022-11-09 23:00:00,2.532345235351114
2022-11-10 00:00:00,2.4233055820593616
2022-11-10 01:00:00,2.596265736875468
2022-11-10 02:00:00,1.9622453198835537
2022-11-10 03:00:00,0.7181882241640736
2022-11-10 04:00:00,0.1612709260664893
2022-11-10 05:00:00,1.788757091425019
2022-11-10 06:00:00,6.330789675615062
2022-11-10 07:00:00,13.284884505458004
2022-11-10 08:00:00,21.116721570037228
2022-11-10 09:00:00,27.918317503898646
2022-11-10 10:00:00,32.179254166838454
2022-11-10 11:00:00,33.376746393320104
2022-11-10 12:00:00,32.1761056898678
2022-11-10 13:00:00,30.116968012102106
2022-11-10 14:00:00,28.828547958781517
2022-11-10 15:00:00,29.095635842126317
2022-11-10 16:00:00,30.31461665717722
2022-11-10 17:00:00,30.775992878554955
2022-11-10 18:00:00,28.723294727523182
2022-11-10 19:00:00,23.560207866337073
2022-11-10 20:00:00,16.3759876413207
2022-11-10 21:00:00,9.3717068437102
2022-11-10 22:00:00,4.543876218111675
2022-11-10 23:00:00,2.5323452353863907
2022-11-11 00:00:00,2.400699221961032
2022-11-11 01:00:00,2.5736593767218086
2022-11-11 02:00:00,1.9396389596938857
2022-11-11 03:00:00,0.6955818641311104
2022-11-11 04:00:00,0.13866456589446585
2022-11-11 05:00:00,1.7661507312850162
2022-11-11 06:00:00,6.308183315565596
2022-11-11 07:00:00,13.262278145473697
2022-11-11 08:00:00,21.09411520983455
2022-11-11 09:00:00,27.895711143864013
2022-11-11 10:00:00,32.156647806761086
2022-11-11 11:00:00,33.354140033108834
2022-11-11 12:00:00,32.15349932962063
2022-11-11 13:00:00,30.094361651880565
2022-11-11 14:00:00,28.805941598625875
2022-11-11 15:00:00,29.073029481837107
2022-11-11 16:00:00,30.292010297093277
2022-11-11 17:00:00,30.753386518417205
2022-11-11 18:00:00,28.70068836729142
2022-11-11 19:00:00,23.537601506022686
2022-11-11 20:00:00,16.353381281454773
2022-11-11 21:00:00,9.349100483418749
2022-11-11 22:00:00,4.521269857859339
2022-11-11 23:00:00,2.509738875258652
