Date,Actual,Predicted
2023-03-01 07:00:00,16.94461965213635,18.394655107222977
2023-03-01 08:00:00,23.81359295007167,21.87089856616533
2023-03-01 09:00:00,25.2735683176446,33.39091904540271
2023-03-01 10:00:00,30.51142087219002,34.76512296135726
2023-03-01 11:00:00,37.18444279253595,39.2630155113379
2023-03-01 12:00:00,28.366881127023916,40.52792409037784
2023-03-01 13:00:00,31.43754013578195,31.692380480330645
2023-03-01 14:00:00,31.10956438986584,34.54208635287026
2023-03-01 15:00:00,18.256754371836276,30.691339258820133
2023-03-01 16:00:00,13.42439338091978,21.24980521253613
2023-03-01 17:00:00,33.94440975340308,19.806077539916128
2023-03-01 18:00:00,41.72676644194252,35.62013832718153
2023-03-01 19:00:00,37.01960080241511,29.717976355716615
2023-03-01 20:00:00,26.44060628331102,21.410101370662318
2023-03-01 21:00:00,20.251606522361183,12.441844151740257
2023-03-01 22:00:00,9.846956426505017,8.303424335345916
2023-03-01 23:00:00,3.020726111544387,4.558925956098638
2023-03-02 00:00:00,2.919726111544387,2.4686434871540435
2023-03-02 01:00:00,2.919726111544387,2.9915128377531035
2023-03-02 02:00:00,2.919726111544387,3.0712094621273875
2023-03-02 03:00:00,2.919726111544387,3.257396545373169
2023-03-02 04:00:00,2.919726111544387,3.4461013221131815
2023-03-02 05:00:00,4.150226111544387,4.1792448536029925
2023-03-02 06:00:00,6.832448333766609,7.5340311513183655
2023-03-02 07:00:00,7.623039954780797,13.740154595855227
2023-03-02 08:00:00,29.475683323023937,17.553736637860066
2023-03-02 09:00:00,28.79633924953474,42.16934842594219
2023-03-02 10:00:00,31.485190432754283,34.740302525472785
2023-03-02 11:00:00,29.83310895393839,40.36680447040786
2023-03-02 12:00:00,42.09729885949288,35.01979354422592
2023-03-02 13:00:00,53.18476171795216,42.36916268117396
2023-03-02 14:00:00,42.32205298066458,43.00170403879442
2023-03-02 15:00:00,32.988547618154634,34.91059847839228
2023-03-02 16:00:00,38.73615630673931,30.837321817116795
2023-03-02 17:00:00,26.03356785871062,35.77934427036137
2023-03-02 18:00:00,23.157324246001952,27.02108995576848
2023-03-02 19:00:00,21.72776640328351,25.093142670009996
2023-03-02 20:00:00,13.422842313203123,17.42242478939542
2023-03-02 21:00:00,10.638473727318235,9.040141349000699
2023-03-02 22:00:00,4.86939077800948,6.266906578704501
2023-03-02 23:00:00,4.565754833309019,3.234665751957739
2023-03-03 00:00:00,4.565754833309019,3.607159779142321
2023-03-03 01:00:00,4.565754833309019,3.451930348275412
2023-03-03 02:00:00,4.565754833309019,3.692090659111575
2023-03-03 03:00:00,4.565754833309019,3.8643073296472745
2023-03-03 04:00:00,8.91514258841106,4.273007597827518
2023-03-03 05:00:00,10.364938506778406,8.10500786039383
2023-03-03 06:00:00,8.62518340473759,10.931834456375082
2023-03-03 07:00:00,17.08531692545396,14.952061124475684
2023-03-03 08:00:00,36.00889153065763,29.07422118851157
2023-03-03 09:00:00,54.54938710715558,44.265597372368774
2023-03-03 10:00:00,70.72377271160225,55.29062486101129
2023-03-03 11:00:00,42.08781972197222,62.9629532758789
2023-03-03 12:00:00,31.61294668259613,41.95899744915822
2023-03-03 13:00:00,22.325614867715533,39.1059534083379
2023-03-03 14:00:00,32.053558393405865,29.974581592654765
2023-03-03 15:00:00,31.353429150270284,37.378461154630116
2023-03-03 16:00:00,29.979018147348658,31.201807270583053
2023-03-03 17:00:00,22.402048302701683,32.01699498473701
2023-03-03 18:00:00,30.369514243865385,26.768007611228004
2023-03-03 19:00:00,29.26210272367243,30.469287751936804
2023-03-03 20:00:00,13.24943200232987,20.06551165404213
2023-03-03 21:00:00,10.364839423390771,8.518884274341413
2023-03-03 22:00:00,7.896696224612801,6.457443340876311
2023-03-03 23:00:00,2.9410825473909648,4.468142886839942
2023-03-04 00:00:00,2.227333913511184,2.5234571425116528
2023-03-04 01:00:00,2.227333913511184,2.5529716671820664
2023-03-04 02:00:00,2.227333913511184,2.7541506353541796
2023-03-04 03:00:00,2.227333913511184,2.887622388178446
2023-03-04 04:00:00,2.227333913511184,3.0243872624500585
2023-03-04 05:00:00,2.227333913511184,3.6229920618828126
2023-03-04 06:00:00,4.929018598195868,5.365940696735621
2023-03-04 07:00:00,19.46915221476693,12.053923438142856
2023-03-04 08:00:00,29.75343904055829,28.83314416752838
2023-03-04 09:00:00,50.83643474619027,34.981082752763555
2023-03-04 10:00:00,53.01754089536484,51.477363565114615
2023-03-04 11:00:00,48.98183825923087,47.87094358234896
2023-03-04 12:00:00,44.66000905440192,46.05372126656365
2023-03-04 13:00:00,49.34380608911509,41.983362764526895
2023-03-04 14:00:00,55.4637394686149,44.06088725252584
2023-03-04 15:00:00,53.20762608030842,44.024607800770866
2023-03-04 16:00:00,51.84577313311729,40.859248546726675
2023-03-04 17:00:00,53.28602360867272,42.12112385577552
2023-03-04 18:00:00,57.19071034228074,44.468454401828545
2023-03-04 19:00:00,50.653187456001895,42.30938260603742
2023-03-04 20:00:00,36.76563965228599,29.039170331978355
2023-03-04 21:00:00,23.64444824568339,17.34036343548469
2023-03-04 22:00:00,5.883878757697723,10.95995012877038
2023-03-04 23:00:00,5.232282630462496,3.8903233206491006
2023-03-05 00:00:00,3.035426993648225,5.38036038327439
2023-03-05 01:00:00,1.932785484214263,3.0732522780196603
2023-03-05 02:00:00,1.932785484214263,2.8910776787385086
2023-03-05 03:00:00,1.932785484214263,3.11911290265633
2023-03-05 04:00:00,1.932785484214263,3.2563456920243676
2023-03-05 05:00:00,1.932785484214263,3.8425884217442134
2023-03-05 06:00:00,1.932785484214263,5.6297589584198535
2023-03-05 07:00:00,4.9782837298282985,8.276638655022012
2023-03-05 08:00:00,14.965190109413626,16.62231888824625
2023-03-05 09:00:00,18.667453553884407,28.78551568820969
2023-03-05 10:00:00,29.08621471419788,29.977683153504444
2023-03-05 11:00:00,40.686300209541486,38.48776836506376
2023-03-05 12:00:00,39.716046039836606,40.88533132399907
2023-03-05 13:00:00,50.520231248291154,37.00868624080637
2023-03-05 14:00:00,28.650917920342877,42.33474685544188
2023-03-05 15:00:00,36.60193567422095,26.342313579818093
2023-03-05 16:00:00,53.81344023135488,35.009211858821494
2023-03-05 17:00:00,40.27828690180651,40.23674100645979
2023-03-05 18:00:00,21.89472933553841,32.96675298246443
2023-03-05 19:00:00,21.40980749090855,22.036485665675208
2023-03-05 20:00:00,9.349549060220664,18.03473564343791
2023-03-05 21:00:00,1.485613260200533,6.557900080799881
2023-03-05 22:00:00,10.378633878757237,1.0237174229037729
2023-03-05 23:00:00,6.860752435458266,7.689422158976563
2023-03-06 00:00:00,0.4974998581386772,3.3475462796249915
2023-03-06 01:00:00,0.7814413903967417,0.4046263358009003
2023-03-06 02:00:00,1.065382922654806,1.6602646619822872
2023-03-06 03:00:00,1.065382922654806,2.10837392192998
2023-03-06 04:00:00,1.065382922654806,2.2100301297133895
2023-03-06 05:00:00,1.065382922654806,2.4456555429771965
2023-03-06 06:00:00,1.8645164842986413,3.508546750515739
2023-03-06 07:00:00,12.142691550291026,6.937293237298271
2023-03-06 08:00:00,21.304806785498155,22.26452746667625
2023-03-06 09:00:00,26.586407120025147,27.71464486738384
2023-03-06 10:00:00,34.927575148517256,33.27950141963128
2023-03-06 11:00:00,23.89704015978331,37.903108199900146
2023-03-06 12:00:00,28.499641766908184,27.44382144013201
2023-03-06 13:00:00,42.46060570773369,32.39835832615752
2023-03-06 14:00:00,33.7304704624361,36.572677533162555
2023-03-06 15:00:00,42.31396677167887,28.591424093694528
2023-03-06 16:00:00,22.693080717595876,34.41908376947673
2023-03-06 17:00:00,13.338623055507655,21.60402324592178
2023-03-06 18:00:00,8.686279344758992,19.126030355339246
2023-03-06 19:00:00,20.268371896659577,12.97243361446428
2023-03-06 20:00:00,17.149521355989684,17.563160405897843
2023-03-06 21:00:00,4.489396414534575,10.038884710551198
2023-03-06 22:00:00,2.2095266499101376,2.3322660771150745
2023-03-06 23:00:00,2.9780980784815663,1.9442293826988564
2023-03-07 00:00:00,3.527077670318301,2.576420628233637
2023-03-07 01:00:00,3.527077670318301,2.8731922020182545
2023-03-07 02:00:00,3.527077670318301,2.922909102609936
2023-03-07 03:00:00,3.527077670318301,2.9495157882103444
2023-03-07 04:00:00,3.527077670318301,3.122093451313072
2023-03-07 05:00:00,7.779913491213823,3.8836449954231003
2023-03-07 06:00:00,9.906331401661584,9.409640247268621
2023-03-07 07:00:00,19.602702542336896,14.23743168499567
2023-03-07 08:00:00,15.99068929750499,27.749498322093803
2023-03-07 09:00:00,32.79491096277432,24.914578539722307
2023-03-07 10:00:00,24.842729734849108,44.11942608838481
2023-03-07 11:00:00,32.321798267065894,31.29327187622077
2023-03-07 12:00:00,42.14251516712131,39.74076576032837
2023-03-07 13:00:00,43.80608646645792,39.671538894813146
2023-03-07 14:00:00,33.84961831759825,38.32800315373652
2023-03-07 15:00:00,31.73152269657137,31.030004352540956
2023-03-07 16:00:00,24.362964033063456,30.513901724606676
2023-03-07 17:00:00,25.0733251497657,25.924117512534036
2023-03-07 18:00:00,29.956186745973813,28.592998686347823
2023-03-07 19:00:00,41.94623397111809,27.30028269168283
2023-03-07 20:00:00,36.19681926528122,24.55265422937288
2023-03-07 21:00:00,30.025983760462093,14.728877385542251
2023-03-07 22:00:00,16.056695917953736,11.051643104015831
2023-03-07 23:00:00,4.072480045260674,6.59047746630356
2023-03-08 00:00:00,2.876578215992381,2.851876507923508
2023-03-08 01:00:00,2.876578215992381,3.085828820210548
2023-03-08 02:00:00,2.876578215992381,3.1663421354007535
2023-03-08 03:00:00,2.876578215992381,3.371566990774489
2023-03-08 04:00:00,2.876578215992381,3.5859100569853823
2023-03-08 05:00:00,4.152304594579934,4.298668810062807
2023-03-08 06:00:00,13.20997956502365,7.822024804334321
2023-03-08 07:00:00,33.099396552956165,20.55500552156268
2023-03-08 08:00:00,32.013713453934926,37.7960845483116
2023-03-08 09:00:00,37.48918118588386,37.48704354872851
2023-03-08 10:00:00,46.14011846414139,46.9655242304639
2023-03-08 11:00:00,50.684127637135816,50.3843544536402
2023-03-08 12:00:00,37.168782958629095,50.052660618933395
2023-03-08 13:00:00,42.997820449790055,38.895914792928814
2023-03-08 14:00:00,39.72872036302643,44.264952927375695
2023-03-08 15:00:00,36.55985030976661,36.990754518172736
2023-03-08 16:00:00,36.53007904458351,35.21713525920839
2023-03-08 17:00:00,29.983307982341472,35.6457928340347
2023-03-08 18:00:00,31.117542374520458,31.992609442152347
2023-03-08 19:00:00,26.959177823236345,30.439218816074877
2023-03-08 20:00:00,17.103330119939404,19.951373599550195
2023-03-08 21:00:00,13.112733228236907,10.789872111076377
2023-03-08 22:00:00,12.155857709564708,7.254969836401048
2023-03-08 23:00:00,6.998610680324119,6.500509235044939
2023-03-09 00:00:00,6.733582519917257,4.166753123413794
2023-03-09 01:00:00,7.631982519917257,4.675170400829912
2023-03-09 02:00:00,4.936782519917257,5.120821623673017
2023-03-09 03:00:00,4.936782519917257,4.135902491656083
2023-03-09 04:00:00,5.749575721050401,5.306087757329992
2023-03-09 05:00:00,9.351028053764123,6.526892476249567
2023-03-09 06:00:00,12.171037231343758,12.502199963352346
2023-03-09 07:00:00,20.248672370736333,19.109417707096085
2023-03-09 08:00:00,42.13398320437585,32.07549202060207
2023-03-09 09:00:00,56.46865617408873,51.285503263646696
2023-03-09 10:00:00,55.50791392152317,57.746003218574714
2023-03-09 11:00:00,34.235504132072975,56.52155360394389
2023-03-09 12:00:00,28.265343735225915,40.73653040720799
2023-03-09 13:00:00,21.89469648188127,38.42753068939467
2023-03-09 14:00:00,29.57594436523334,30.737640605165037
2023-03-09 15:00:00,33.78428578528154,36.03488299862787
2023-03-09 16:00:00,50.33381422713472,33.64240967426259
2023-03-09 17:00:00,34.87127399309805,43.94399445849996
2023-03-09 18:00:00,56.233804872724114,32.121419763300246
2023-03-09 19:00:00,40.88782870865678,46.01726658496614
2023-03-09 20:00:00,29.239319582314344,22.981072532851535
2023-03-09 21:00:00,21.96435132666912,15.316638283475994
2023-03-09 22:00:00,9.71966737173516,9.996225203568587
2023-03-09 23:00:00,4.32745583327362,5.419670377281418
2023-03-10 00:00:00,2.8189331060008933,3.754535957839661
2023-03-10 01:00:00,2.8189331060008933,3.0827216736242846
2023-03-10 02:00:00,2.8189331060008933,3.3803009002128293
2023-03-10 03:00:00,2.8189331060008933,3.4867099213896453
2023-03-10 04:00:00,2.8189331060008933,3.761968038253093
2023-03-10 05:00:00,3.413671567539355,4.441270816654335
2023-03-10 06:00:00,10.051694644462431,7.292003499890943
2023-03-10 07:00:00,12.199138301822517,18.506779326285937
2023-03-10 08:00:00,25.90079986045768,22.070321924451154
2023-03-10 09:00:00,27.530276854342556,39.366702687616474
2023-03-10 10:00:00,24.81339269349952,36.89052446937489
2023-03-10 11:00:00,20.619820794056047,36.15952338042847
2023-03-10 12:00:00,33.32116980514589,30.53381825111302
2023-03-10 13:00:00,30.700804810007,39.53314037392518
2023-03-10 14:00:00,23.471971632682955,31.768167804340163
2023-03-10 15:00:00,26.263442706388943,26.894141427765927
2023-03-10 16:00:00,49.149492262560585,28.331758517547513
2023-03-10 17:00:00,42.68313553608058,40.59334546310037
2023-03-10 18:00:00,42.65314906571343,33.52126464665934
2023-03-10 19:00:00,29.62365674083494,33.21401112473781
2023-03-10 20:00:00,18.44183120752967,19.05003462468253
2023-03-10 21:00:00,7.13471217856044,10.909513371457136
2023-03-10 22:00:00,5.429343644077681,4.387233963814881
2023-03-10 23:00:00,8.098343644077682,3.982542932408521
2023-03-11 00:00:00,8.098343644077682,4.941313435224684
2023-03-11 01:00:00,4.860676977411014,4.362101127934354
2023-03-11 02:00:00,3.0844773371232432,3.5150714830614085
2023-03-11 03:00:00,4.225831653670006,3.2050856328209543
2023-03-11 04:00:00,4.225831653670006,4.566219209208835
2023-03-11 05:00:00,4.225831653670006,4.921939041031813
2023-03-11 06:00:00,4.225831653670006,7.643710403106061
2023-03-11 07:00:00,5.720960061130551,11.205977829865612
2023-03-11 08:00:00,11.86743193968974,16.81731554440293
2023-03-11 09:00:00,16.993143176563805,26.276914040316477
2023-03-11 10:00:00,34.84366448776115,30.08789433491951
2023-03-11 11:00:00,47.35443693115319,43.53623357667957
2023-03-11 12:00:00,38.73991503883967,43.847047937637036
2023-03-11 13:00:00,21.54025779060685,36.42807248605391
2023-03-11 14:00:00,31.87265398235472,25.407091915223546
2023-03-11 15:00:00,48.92869548245037,34.2627639029599
2023-03-11 16:00:00,33.12628891475914,37.55722092873283
2023-03-11 17:00:00,18.76154643245302,28.659082831898722
2023-03-11 18:00:00,20.00638556409511,22.99660986452269
2023-03-11 19:00:00,11.65844936418712,23.025303456482042
2023-03-11 20:00:00,8.787911696488461,11.101024302012291
2023-03-11 21:00:00,2.892297742894696,7.206849182749015
2023-03-11 22:00:00,1.6174200124496667,2.120735348091202
2023-03-11 23:00:00,7.752163453301073,1.8363919355538219
2023-03-12 00:00:00,8.54841479303264,4.705124539039693
2023-03-12 01:00:00,8.54841479303264,3.8805965968264733
2023-03-12 02:00:00,8.54841479303264,4.3486540059706185
2023-03-12 03:00:00,4.640533645491654,4.671396405789997
2023-03-12 04:00:00,4.124398399590015,3.5488138801009192
2023-03-12 05:00:00,4.080814199329937,4.775300255278723
2023-03-12 06:00:00,3.278808775689858,6.995986634590346
2023-03-12 07:00:00,9.189452234934643,9.445920664910718
2023-03-12 08:00:00,18.99848884083221,21.578111000270006
2023-03-12 09:00:00,16.51420548988907,30.473212181382642
2023-03-12 10:00:00,26.927526223486108,27.67782466375295
2023-03-12 11:00:00,37.9062218614356,38.274457151595975
2023-03-12 12:00:00,40.67277529783552,39.6893759308295
2023-03-12 13:00:00,26.531087092286345,38.28249784480032
2023-03-12 14:00:00,33.7904221218055,27.901864715660768
2023-03-12 15:00:00,34.96732485627526,33.99389548842786
2023-03-12 16:00:00,24.353639186496828,30.30409354325175
2023-03-12 17:00:00,35.825187126328665,25.20103392754518
2023-03-12 18:00:00,25.4178485027546,35.07891136535686
2023-03-12 19:00:00,26.59029271152792,22.505515385137663
2023-03-12 20:00:00,23.572293663721517,19.574534649707864
2023-03-12 21:00:00,29.20134156402576,12.042765573430971
2023-03-12 22:00:00,13.129172686101928,11.275009816190853
2023-03-12 23:00:00,9.319218051611536,4.9080466405233
2023-03-13 00:00:00,11.896065656085009,5.4606641285024855
2023-03-13 01:00:00,3.939327733682004,6.282635648960182
2023-03-13 02:00:00,3.3542689101525927,2.9532589235774376
2023-03-13 03:00:00,3.3542689101525927,4.016605267664548
2023-03-13 04:00:00,3.3542689101525927,3.918661738371221
2023-03-13 05:00:00,3.4837689101525924,4.847493344186418
2023-03-13 06:00:00,17.63312977971781,7.230096147180622
2023-03-13 07:00:00,17.46113042064677,26.369528127775478
2023-03-13 08:00:00,35.77926242406492,24.565292972296803
2023-03-13 09:00:00,59.96381046346862,48.19053835688214
2023-03-13 10:00:00,58.63214138779736,58.08217754224766
2023-03-13 11:00:00,52.39305818305524,55.322640654219214
2023-03-13 12:00:00,37.20019423227349,51.37186683242884
2023-03-13 13:00:00,33.85005392053306,40.258724090220134
2023-03-13 14:00:00,32.30632067782985,39.183068261262214
2023-03-13 15:00:00,34.70270429268293,35.19292434995845
2023-03-13 16:00:00,36.72831296163723,35.310967717700784
2023-03-13 17:00:00,37.08306489902068,35.988561472126975
2023-03-13 18:00:00,18.11658458428504,36.659291544966955
2023-03-13 19:00:00,12.37845568297491,20.541034052494826
2023-03-13 20:00:00,21.34581065895309,14.079061965124868
2023-03-13 21:00:00,8.410919239633078,13.617823125846261
2023-03-13 22:00:00,5.425294951576289,4.867756612950823
2023-03-13 23:00:00,0.4486122592685967,4.074163049000952
2023-03-14 00:00:00,0.4486122592685967,0.7048468727080036
2023-03-14 01:00:00,0.4486122592685967,1.4119037659071056
2023-03-14 02:00:00,0.4486122592685967,1.5808164666382964
2023-03-14 03:00:00,1.1033698350261725,1.7379914181018767
2023-03-14 04:00:00,1.715884986541324,2.33751558552092
2023-03-14 05:00:00,1.7255750513361403,2.970678695422477
2023-03-14 06:00:00,2.297288874230309,4.192969114453301
2023-03-14 07:00:00,4.832659783898116,7.312038305138784
2023-03-14 08:00:00,18.84648746632033,13.369762757482007
2023-03-14 09:00:00,36.73631827624365,29.34522335273474
2023-03-14 10:00:00,47.117866884815655,38.48107197398891
2023-03-14 11:00:00,37.824723058808,42.66600682976822
2023-03-14 12:00:00,33.74983504516191,35.15108502923135
2023-03-14 13:00:00,32.35167381655592,33.55459287193069
2023-03-14 14:00:00,41.209066358353866,31.424763247629706
2023-03-14 15:00:00,29.80436094734195,35.02777851301202
2023-03-14 16:00:00,22.76074616896368,26.064306476630684
2023-03-14 17:00:00,30.566509256514266,24.743777482699798
2023-03-14 18:00:00,35.64626441993213,30.816638031219707
2023-03-14 19:00:00,27.85647884523825,28.16101507531149
2023-03-14 20:00:00,19.4147944394167,18.082173735715113
2023-03-14 21:00:00,4.575395304790053,10.71700568642728
2023-03-14 22:00:00,1.421658937508578,2.453721295271355
2023-03-14 23:00:00,4.673075604175245,1.657419494731586
2023-03-15 00:00:00,5.264242270841911,3.7554053721608507
2023-03-15 01:00:00,1.421658937508578,3.4292610313045193
2023-03-15 02:00:00,1.6370416089887223,1.726371345736424
2023-03-15 03:00:00,2.0370379988804195,2.433574896488993
2023-03-15 04:00:00,2.0370379988804195,2.7126294520754954
2023-03-15 05:00:00,2.327785394713753,3.2526424233490117
2023-03-15 06:00:00,13.319442909594706,5.148583359683581
2023-03-15 07:00:00,20.87528371012054,19.560754199335292
2023-03-15 08:00:00,22.073023670706192,25.034059534652364
2023-03-15 09:00:00,39.60988644430884,30.502714443917245
2023-03-15 10:00:00,42.36186708251231,45.466600979547636
2023-03-15 11:00:00,45.43777941211621,42.611651074533356
2023-03-15 12:00:00,57.56342855784775,44.416974764963896
2023-03-15 13:00:00,48.88930095424764,48.12654942911913
2023-03-15 14:00:00,47.43040845500036,40.144211145723034
2023-03-15 15:00:00,33.91579041820902,40.222573291668155
2023-03-15 16:00:00,36.39315576370907,30.743186378237905
2023-03-15 17:00:00,41.70768255015048,35.75085644325324
2023-03-15 18:00:00,27.49451093694316,37.6524761237827
2023-03-15 19:00:00,17.485974604091595,25.51115318782783
2023-03-15 20:00:00,9.01851085666428,15.749506122073887
2023-03-15 21:00:00,5.816678319636091,7.2228274419920115
2023-03-15 22:00:00,5.257423661250998,4.524526614068839
2023-03-15 23:00:00,1.622268381747892,3.7424427188599076
2023-03-16 00:00:00,1.622268381747892,1.900239485618583
2023-03-16 01:00:00,1.622268381747892,2.2420508583432115
2023-03-16 02:00:00,1.622268381747892,2.3441228620658827
2023-03-16 03:00:00,2.0839223858546685,2.4703680999271573
2023-03-16 04:00:00,2.266436759571301,2.8224548674842667
2023-03-16 05:00:00,2.266436759571301,3.41229213758179
2023-03-16 06:00:00,2.266436759571301,5.0621333236625885
2023-03-16 07:00:00,5.135444751898667,7.55827170788124
2023-03-16 08:00:00,18.0313055842582,14.884397204326339
2023-03-16 09:00:00,27.299346692983796,29.52137283889806
2023-03-16 10:00:00,28.327560668448577,33.99225435927964
2023-03-16 11:00:00,32.29708061180131,34.003595176244524
2023-03-16 12:00:00,39.39468963900553,35.196608334554064
2023-03-16 13:00:00,35.26323793673281,36.837880239901374
2023-03-16 14:00:00,41.14612297232091,32.00450347426835
2023-03-16 15:00:00,32.52061211140757,34.907610988064924
2023-03-16 16:00:00,28.477296870872674,27.701642988600234
2023-03-16 17:00:00,18.65776283459899,28.06882955575153
2023-03-16 18:00:00,22.81455452375169,21.82552120980256
2023-03-16 19:00:00,20.974234624011043,24.17430175019652
2023-03-16 20:00:00,12.23764830551454,15.85536356832694
2023-03-16 21:00:00,6.1041446535210575,7.974423636244327
2023-03-16 22:00:00,9.134578935596204,3.9234920872868764
2023-03-16 23:00:00,9.134578935596204,4.949085683058536
2023-03-17 00:00:00,5.310484975864662,4.0830363810272035
2023-03-17 01:00:00,3.2513574590861385,3.210122989172529
2023-03-17 02:00:00,3.2513574590861385,2.776219860820061
2023-03-17 03:00:00,3.2513574590861385,3.1953219567044546
2023-03-17 04:00:00,3.203700208615329,3.380318721900633
2023-03-17 05:00:00,6.372396137921427,4.133584263841769
2023-03-17 06:00:00,8.000149080334205,9.174194468613988
2023-03-17 07:00:00,12.032962451450322,13.78121270577012
2023-03-17 08:00:00,25.017978854342083,22.44184013681267
2023-03-17 09:00:00,45.57416777871644,35.832428515785516
2023-03-17 10:00:00,52.11446456328208,48.665304424247616
2023-03-17 11:00:00,57.39635442311676,49.14857962616771
2023-03-17 12:00:00,26.582275525893994,51.014961575770705
2023-03-17 13:00:00,41.034190299290174,29.240245593538603
2023-03-17 14:00:00,30.83675806470811,45.02694854824723
2023-03-17 15:00:00,26.10041587878216,29.551793748003348
2023-03-17 16:00:00,31.32041869621023,29.21331493479145
2023-03-17 17:00:00,32.32529861074723,32.22794490243086
2023-03-17 18:00:00,28.71441488318022,32.16301292085693
2023-03-17 19:00:00,29.497125666305752,26.754612496245365
2023-03-17 20:00:00,12.62720134580432,20.742715349345367
2023-03-17 21:00:00,7.001074876613085,7.924242467660807
2023-03-17 22:00:00,1.5589609371931104,5.007860874711128
2023-03-17 23:00:00,1.3290034903845998,1.4974585906465645
2023-03-18 00:00:00,1.3290034903845998,2.107383345867613
2023-03-18 01:00:00,1.3290034903845998,2.12358813825288
2023-03-18 02:00:00,1.3290034903845998,2.2174272829327766
2023-03-18 03:00:00,2.807434045940155,2.271956820886357
2023-03-18 04:00:00,2.6152187681623773,3.222884875809992
2023-03-18 05:00:00,1.7374409903845995,3.422625047561143
2023-03-18 06:00:00,1.84859052309488,4.244328696618272
2023-03-18 07:00:00,8.88241281191391,6.9397424255970295
2023-03-18 08:00:00,15.25689877470138,19.817909804150876
2023-03-18 09:00:00,20.041291886942,24.553191046271984
2023-03-18 10:00:00,30.77445518885583,29.878584216375145
2023-03-18 11:00:00,43.96610168180697,36.62029219540788
2023-03-18 12:00:00,37.04493568126014,40.739839263486566
2023-03-18 13:00:00,53.49592348853395,33.43110246562627
2023-03-18 14:00:00,51.11164418392362,43.19172642987417
2023-03-18 15:00:00,48.20862415032778,36.072470373008734
2023-03-18 16:00:00,36.73623346848238,35.997077424316856
2023-03-18 17:00:00,34.40211243347412,30.947834840891364
2023-03-18 18:00:00,28.86252712176411,32.77784469786302
2023-03-18 19:00:00,32.709372676364545,25.90673526083236
2023-03-18 20:00:00,32.065128690401345,21.92904132016849
2023-03-18 21:00:00,9.123217965638652,14.490993860088867
2023-03-18 22:00:00,1.1269617043242115,4.396345296141871
2023-03-18 23:00:00,0.8865776261119211,1.421752405010863
2023-03-19 00:00:00,0.7021268809022008,1.784152030396763
2023-03-19 01:00:00,1.7172885150052202,1.7511972919016716
2023-03-19 02:00:00,1.7172885150052202,2.648097400002023
2023-03-19 03:00:00,3.869016193576648,2.4731576634794603
2023-03-19 04:00:00,4.719699229290934,3.8311431485886374
2023-03-19 05:00:00,8.055726626551209,4.445789562166332
2023-03-19 06:00:00,10.438603338879975,9.525940763742321
2023-03-19 07:00:00,7.699306101456016,14.994870197191624
2023-03-19 08:00:00,11.22869386546871,16.29144820541914
2023-03-19 09:00:00,16.374971254746097,24.35205964843198
2023-03-19 10:00:00,23.73373001496201,28.88308983306176
2023-03-19 11:00:00,24.32010494520201,34.06616080355216
2023-03-19 12:00:00,45.36887150060389,30.745629698903596
2023-03-19 13:00:00,56.73126976141812,42.9498829461192
2023-03-19 14:00:00,42.97067565593383,41.33186880756484
2023-03-19 15:00:00,37.965619649365074,33.52531901021237
2023-03-19 16:00:00,35.18400074653163,32.28791930942394
2023-03-19 17:00:00,34.356826350815155,31.50360405463919
2023-03-19 18:00:00,27.03216167421936,32.353359028188684
2023-03-19 19:00:00,22.761023531365183,24.84437911356165
2023-03-19 20:00:00,16.585848805570187,17.578317778259127
2023-03-19 21:00:00,1.8381506874375089,10.192428158591152
2023-03-19 22:00:00,0.2341585454856711,0.5757671069786526
2023-03-19 23:00:00,2.6918831217568577,0.6309538240846334
2023-03-20 00:00:00,3.125599223451773,3.2006541664103065
2023-03-20 01:00:00,0.571493291248383,2.918988660462484
2023-03-20 02:00:00,0.2341585454856711,1.259603226467352
2023-03-20 03:00:00,1.5777014026285283,1.1687202998959398
2023-03-20 04:00:00,1.673668749567304,2.7022681034202978
2023-03-20 05:00:00,1.673668749567304,2.744146555295373
2023-03-20 06:00:00,3.176969987808809,4.117294676423372
2023-03-20 07:00:00,5.756886258971373,8.407737741480144
2023-03-20 08:00:00,31.24998796727515,13.837253217281535
2023-03-20 09:00:00,31.27784158775646,38.35975906471997
2023-03-20 10:00:00,47.79308306159204,32.381703146624396
2023-03-20 11:00:00,43.12786348037199,46.402890803628935
2023-03-20 12:00:00,40.86568843981399,37.16296302738174
2023-03-20 13:00:00,37.547182265275445,37.40595920382981
2023-03-20 14:00:00,31.16560042650707,33.62951550349802
2023-03-20 15:00:00,42.43560889548933,29.312138787825614
2023-03-20 16:00:00,41.37505215000887,35.336551407291346
2023-03-20 17:00:00,47.3741780302399,32.755172620134566
2023-03-20 18:00:00,35.93411559693644,38.417909038598005
2023-03-20 19:00:00,21.27006957590561,27.648904318169095
2023-03-20 20:00:00,4.6509610252449045,16.18412692842192
2023-03-20 21:00:00,1.4502206406295202,3.3492857206294313
2023-03-20 22:00:00,0.8853841021679818,1.7192960520768685
2023-03-20 23:00:00,0.8853841021679818,1.59517648891262
2023-03-21 00:00:00,0.8853841021679818,1.885558651547094
2023-03-21 01:00:00,0.8853841021679818,1.8155913452169823
2023-03-21 02:00:00,0.8853841021679818,1.8264960917807636
2023-03-21 03:00:00,0.8853841021679818,1.919672834802792
2023-03-21 04:00:00,0.8853841021679818,2.0055404337920457
2023-03-21 05:00:00,5.181872197406077,2.1698145965556668
2023-03-21 06:00:00,6.081943625977505,7.616309964754225
2023-03-21 07:00:00,25.92366441790826,9.924724477107802
2023-03-21 08:00:00,21.69184919582883,31.558545430026584
2023-03-21 09:00:00,31.746775801048443,25.400477484136566
2023-03-21 10:00:00,39.33832257226392,39.25008008056087
2023-03-21 11:00:00,39.58711085034447,39.57442277453496
2023-03-21 12:00:00,33.85414429647827,38.6436446772175
2023-03-21 13:00:00,29.326925643223717,33.48972175360367
2023-03-21 14:00:00,31.169140989605683,30.495670708974806
2023-03-21 15:00:00,35.653997693833674,30.49721797029738
2023-03-21 16:00:00,33.40886001592948,31.144701210254485
2023-03-21 17:00:00,35.20602496108095,29.805075478801747
2023-03-21 18:00:00,31.455893434092868,32.276226198199645
2023-03-21 19:00:00,29.51079632896883,26.37830970365463
2023-03-21 20:00:00,24.77519397381969,19.718959949427393
2023-03-21 21:00:00,8.106344777543006,12.450806907106314
2023-03-21 22:00:00,4.600046865397529,4.2469578284165665
2023-03-21 23:00:00,2.912978237946548,3.511209269224968
2023-03-22 00:00:00,2.912978237946548,2.6191020510711027
2023-03-22 01:00:00,3.1505983166867053,2.8693141591851026
2023-03-22 02:00:00,5.289179025348123,3.0843776778705876
2023-03-22 03:00:00,5.289179025348123,4.2146909604928
2023-03-22 04:00:00,6.927981573118824,4.130322313394583
2023-03-22 05:00:00,9.971472018978696,6.3940011234477945
2023-03-22 06:00:00,12.178487891994568,11.007199082675896
2023-03-22 07:00:00,20.85900282443025,17.567272022128147
2023-03-22 08:00:00,25.19015210578413,30.397248136318513
2023-03-22 09:00:00,33.58860307632501,35.05066002325477
2023-03-22 10:00:00,44.3510530554202,44.09761897332693
2023-03-22 11:00:00,35.77508001898049,49.0251332728431
2023-03-22 12:00:00,57.7221926578149,39.63069186265444
2023-03-22 13:00:00,50.47797379546503,54.5491144878535
2023-03-22 14:00:00,41.29124765807392,41.61198176639817
2023-03-22 15:00:00,47.40590049566591,38.47478711212001
2023-03-22 16:00:00,24.400080444281844,40.86695733371667
2023-03-22 17:00:00,14.859048991706135,26.026654514820176
2023-03-22 18:00:00,15.350723429631044,23.604564313575228
2023-03-22 19:00:00,12.304764999912782,21.46689175265781
2023-03-22 20:00:00,10.89418336725972,13.103466422676362
2023-03-22 21:00:00,5.196393323969678,8.716610867692813
2023-03-22 22:00:00,19.91544861622876,3.7828533551644954
2023-03-22 23:00:00,1.5423585688353962,10.79243142783474
2023-03-23 00:00:00,1.5423585688353962,1.3988142845503322
2023-03-23 01:00:00,1.5423585688353962,2.5920695983651636
2023-03-23 02:00:00,1.5423585688353962,2.255748362264528
2023-03-23 03:00:00,1.5423585688353962,2.514901159379128
2023-03-23 04:00:00,1.5423585688353962,2.527362316939156
2023-03-23 05:00:00,2.6317033964216034,2.982876272497136
2023-03-23 06:00:00,3.876668913662983,5.718639127521564
2023-03-23 07:00:00,14.82248027111181,9.65012353854717
2023-03-23 08:00:00,28.951411185609917,24.88437775285009
2023-03-23 09:00:00,42.77265225047001,34.13433188389601
2023-03-23 10:00:00,54.84645080852176,44.01159488471959
2023-03-23 11:00:00,54.161306237049374,49.07884749795399
2023-03-23 12:00:00,37.66873976337841,46.03788404717246
2023-03-23 13:00:00,48.53171045574514,36.00715003719176
2023-03-23 14:00:00,64.58896742910817,44.27536949680217
2023-03-23 15:00:00,43.0367028205232,46.5164634413648
2023-03-23 16:00:00,23.94194166305061,33.46233500136047
2023-03-23 17:00:00,30.69003306632227,26.62819052176113
2023-03-23 18:00:00,36.7057356384125,34.608141649845045
2023-03-23 19:00:00,16.493832492928213,31.149680096731817
2023-03-23 20:00:00,9.17844144251016,13.541669221327902
2023-03-23 21:00:00,8.398131664053322,7.835103864158696
2023-03-23 22:00:00,1.6145597575656088,5.668789461761311
2023-03-23 23:00:00,1.407403359461343,1.5517231847548894
2023-03-24 00:00:00,1.407403359461343,2.1780301434271356
2023-03-24 01:00:00,1.407403359461343,2.161881389850864
2023-03-24 02:00:00,1.407403359461343,2.2729107069085543
2023-03-24 03:00:00,2.5204033594613438,2.3196823036939818
2023-03-24 04:00:00,2.891403359461343,3.064587618031033
2023-03-24 05:00:00,2.891403359461343,3.6605541523064073
2023-03-24 06:00:00,2.774762743097108,5.533405302121472
2023-03-24 07:00:00,8.341876173444335,8.058222766719553
2023-03-24 08:00:00,19.25713056592295,18.91992071487706
2023-03-24 09:00:00,27.413534246719223,28.912533909639905
2023-03-24 10:00:00,40.960578442016285,34.72541351024235
2023-03-24 11:00:00,38.60192124347564,42.61097117416346
2023-03-24 12:00:00,45.01847246655965,37.01402596024274
2023-03-24 13:00:00,40.19759840184593,40.673716837826035
2023-03-24 14:00:00,29.08268786294588,34.696592014475776
2023-03-24 15:00:00,24.338373762157875,28.34512669386484
2023-03-24 16:00:00,22.883264360986846,25.759073310333378
2023-03-24 17:00:00,32.33674370570127,25.464214375918978
2023-03-24 18:00:00,32.97835367725171,32.09022366448117
2023-03-24 19:00:00,14.40118066145829,26.82726069300124
2023-03-24 20:00:00,8.619603474495511,11.622883636341967
2023-03-24 21:00:00,4.423486034879543,7.034997030611469
2023-03-24 22:00:00,1.7197202691137785,3.268706468034778
2023-03-24 23:00:00,1.7197202691137785,1.8046692377866405
2023-03-25 00:00:00,1.7197202691137785,2.1829857180427017
2023-03-25 01:00:00,1.7197202691137785,2.242942404605159
2023-03-25 02:00:00,1.7197202691137785,2.311146484875195
2023-03-25 03:00:00,1.7197202691137785,2.375869600114464
2023-03-25 04:00:00,1.7197202691137785,2.4738173080158488
2023-03-25 05:00:00,4.000681807575317,2.8800433463908908
2023-03-25 06:00:00,8.562604884498395,6.6544869380760945
2023-03-25 07:00:00,4.59983789096836,13.419924391393357
2023-03-25 08:00:00,6.0058575044446565,11.233364868930522
2023-03-25 09:00:00,17.010268882949397,17.07172158101487
2023-03-25 10:00:00,31.975890525264795,29.217344233228154
2023-03-25 11:00:00,38.52995090857653,36.735737129774726
2023-03-25 12:00:00,21.48278631221261,36.66584876202268
2023-03-25 13:00:00,23.68019798114316,23.457609219714755
2023-03-25 14:00:00,45.15524854721826,27.819257325081484
2023-03-25 15:00:00,25.85666792238549,36.16568427790781
2023-03-25 16:00:00,22.855854003575026,22.179940736333805
2023-03-25 17:00:00,18.570484335122305,24.96018353589484
2023-03-25 18:00:00,30.077982885160505,21.182423500411023
2023-03-25 19:00:00,23.95102607050968,27.0143192265843
2023-03-25 20:00:00,20.182637710961068,15.891364905406203
2023-03-25 21:00:00,12.115178191376586,10.939791718619666
2023-03-25 22:00:00,2.8063476851393734,5.690535824837826
2023-03-25 23:00:00,0.8163476851393731,1.8015095446955625
2023-03-26 00:00:00,0.8163476851393731,1.1993579864868618
2023-03-26 01:00:00,1.086485380451873,1.643566797854558
2023-03-26 02:00:00,1.6694140913893727,2.0396695872480977
2023-03-26 03:00:00,1.6694140913893727,2.4557819825781997
2023-03-26 04:00:00,1.6694140913893727,2.4440573420470524
2023-03-26 05:00:00,4.197414091389373,2.8320411047595626
2023-03-26 06:00:00,6.409414091389373,6.752315173769748
2023-03-26 07:00:00,11.024388604133,11.23741243870898
2023-03-26 08:00:00,17.506864346201976,19.457434271453458
2023-03-26 09:00:00,29.045346300671643,26.73490690677874
2023-03-26 10:00:00,30.743061605379264,36.301272584881204
2023-03-26 11:00:00,30.557523565605766,34.9417811706106
2023-03-26 12:00:00,35.756531104413604,33.98788575264282
2023-03-26 13:00:00,29.33525359148029,35.412005163898534
2023-03-26 14:00:00,27.91862405174676,29.038556378461877
2023-03-26 15:00:00,19.66210840644135,28.273664108619613
2023-03-26 16:00:00,18.26043777773644,21.283216287166248
2023-03-26 17:00:00,17.12901442371386,22.379388501862575
2023-03-26 18:00:00,10.473876379751648,21.35909848773766
2023-03-26 19:00:00,21.49603734009369,13.7086707684971
2023-03-26 20:00:00,26.50964594505332,17.65903691976555
2023-03-26 21:00:00,10.881647422200716,12.521804232944532
2023-03-26 22:00:00,2.768582044887,4.936944295212139
2023-03-26 23:00:00,2.6720673390046468,1.929587271762992
2023-03-27 00:00:00,2.6720673390046468,2.485948713000356
2023-03-27 01:00:00,2.6720673390046468,2.601976804525177
2023-03-27 02:00:00,2.6720673390046468,2.733214366764496
2023-03-27 03:00:00,2.6720673390046468,2.7752669624649604
2023-03-27 04:00:00,2.6720673390046468,2.915507660116635
2023-03-27 05:00:00,9.085094902029857,3.5355325103390896
2023-03-27 06:00:00,8.553100952450025,10.628035074424238
2023-03-27 07:00:00,5.649116765567725,12.573483757059456
2023-03-27 08:00:00,12.036632249245471,14.094355228805782
2023-03-27 09:00:00,12.096619145564285,25.409260950343615
2023-03-27 10:00:00,9.284174551997609,23.108031722657838
2023-03-27 11:00:00,57.40655765249864,20.0060465164767
2023-03-27 12:00:00,24.438231043035973,56.92123339222453
2023-03-27 13:00:00,22.22833546647406,23.340284332193374
2023-03-27 14:00:00,19.68247641456501,28.782295568270186
2023-03-27 15:00:00,18.1278570526467,21.799358675799198
2023-03-27 16:00:00,14.524161230483152,21.223778355088648
2023-03-27 17:00:00,10.749036508544927,18.20516794743552
2023-03-27 18:00:00,15.181753504601668,15.870557568264484
2023-03-27 19:00:00,8.851260678776777,18.185697919125428
2023-03-27 20:00:00,1.9690175587730352,8.393345914792327
2023-03-27 21:00:00,1.037698877454354,1.2737612742995963
2023-03-27 22:00:00,1.037698877454354,0.9645100098737188
2023-03-27 23:00:00,1.037698877454354,1.6516706604669154
2023-03-28 00:00:00,1.037698877454354,1.8096534266629507
2023-03-28 01:00:00,1.037698877454354,1.710234115683883
2023-03-28 02:00:00,1.037698877454354,1.7200091324873876
2023-03-28 03:00:00,1.037698877454354,1.8347002110554549
2023-03-28 04:00:00,2.589274417022699,1.9292739603980489
2023-03-28 05:00:00,5.937411107670181,3.1862791621097286
2023-03-28 06:00:00,6.039351701729587,6.714898869529713
2023-03-28 07:00:00,8.059770884655073,9.463646032055287
2023-03-28 08:00:00,19.62788018129988,15.115495145086351
2023-03-28 09:00:00,27.99442905663159,27.7134208184632
2023-03-28 10:00:00,30.36007698429061,32.37828012964009
2023-03-28 11:00:00,45.94142259694396,33.538053360345174
2023-03-28 12:00:00,52.57287912428874,41.28998333361823
2023-03-28 13:00:00,37.51989016472076,39.8018578603301
2023-03-28 14:00:00,36.5899713782492,31.437918395685287
2023-03-28 15:00:00,32.13576373177203,32.17612924552652
2023-03-28 16:00:00,32.685533390893426,27.932293485748495
2023-03-28 17:00:00,28.215391325441104,30.0146022819513
2023-03-28 18:00:00,19.802101994133118,27.448719440120247
2023-03-28 19:00:00,17.927917426228618,20.37385903991777
2023-03-28 20:00:00,13.708401815898432,15.136142848437952
2023-03-28 21:00:00,12.921771138021082,8.902499937719025
2023-03-28 22:00:00,7.76232305624244,6.512060624088736
2023-03-28 23:00:00,3.976439844563608,3.790573237917565
2023-03-29 00:00:00,1.6230529832497391,2.775650588902779
2023-03-29 01:00:00,1.6230529832497391,1.7675348349667457
2023-03-29 02:00:00,1.6230529832497391,2.276707823301398
2023-03-29 03:00:00,1.6230529832497391,2.4286002172297168
2023-03-29 04:00:00,1.6230529832497391,2.5612515747090265
2023-03-29 05:00:00,1.6230529832497391,2.9758775488411993
2023-03-29 06:00:00,2.6702837524805085,4.3528138226130375
2023-03-29 07:00:00,10.567447201596975,8.393773897676473
2023-03-29 08:00:00,30.09978138757876,20.828979412024985
2023-03-29 09:00:00,36.69258961999179,35.739719971274724
2023-03-29 10:00:00,38.86928982510948,38.341129973642346
2023-03-29 11:00:00,49.25744671311509,40.50077307541183
2023-03-29 12:00:00,30.08459899694541,44.665982934578615
2023-03-29 13:00:00,24.242849597699102,29.996602260495173
2023-03-29 14:00:00,31.572155933196605,29.017007070635216
2023-03-29 15:00:00,35.65081782317766,31.737852803001097
2023-03-29 16:00:00,44.96824102862276,31.048156098281996
2023-03-29 17:00:00,29.80102176561647,36.314747449041334
2023-03-29 18:00:00,26.137617953887773,27.33206222273044
2023-03-29 19:00:00,33.2718462856643,25.531695683876965
2023-03-29 20:00:00,15.71459782765212,21.68057207571035
2023-03-29 21:00:00,5.714273323403509,8.899889069942626
2023-03-29 22:00:00,8.566128009795735,3.9320403775595123
2023-03-29 23:00:00,3.0757145482572734,5.344263802467672
2023-03-30 00:00:00,1.5570895482572733,2.4678996674500917
2023-03-30 01:00:00,1.5570895482572733,1.9625291523831403
2023-03-30 02:00:00,1.5570895482572733,2.2837780798624494
2023-03-30 03:00:00,1.6515430088777985,2.4635669111766085
2023-03-30 04:00:00,3.446158760667775,2.62407614025918
2023-03-30 05:00:00,3.446158760667775,4.393405652676349
2023-03-30 06:00:00,7.61212542733444,5.948015764342338
2023-03-30 07:00:00,11.13149566542968,14.27973856851535
2023-03-30 08:00:00,14.866779492028046,19.74492947064013
2023-03-30 09:00:00,15.649788006504938,26.165083167418697
2023-03-30 10:00:00,37.27943749680169,26.97341348624266
2023-03-30 11:00:00,44.15854270026731,44.7004426434702
2023-03-30 12:00:00,43.15212101231455,40.141955044311906
2023-03-30 13:00:00,29.020133115122142,38.96967564347188
2023-03-30 14:00:00,31.18608362279579,29.03531081867655
2023-03-30 15:00:00,22.91743149208509,31.756012862319096
2023-03-30 16:00:00,16.95280187282454,23.631814557816877
2023-03-30 17:00:00,14.231266709573468,21.604419747233194
2023-03-30 18:00:00,15.84958904465743,20.105985079449674
2023-03-30 19:00:00,17.844965163904405,19.304609081508147
2023-03-30 20:00:00,8.638369079043606,14.956497586255757
2023-03-30 21:00:00,3.038421075971549,5.99574215900057
2023-03-30 22:00:00,10.623906764540406,2.1594048364106735
2023-03-30 23:00:00,9.579559983184188,5.8337764741003
2023-03-31 00:00:00,2.9891977019903155,3.704410360118923
2023-03-31 01:00:00,0.4473431565357699,2.103596080806916
2023-03-31 02:00:00,2.070713943052624,0.6321474560567729
2023-03-31 03:00:00,7.493698210014594,2.9953482266308415
2023-03-31 04:00:00,4.90348371816731,4.93721234424015
2023-03-31 05:00:00,7.33263716541151,4.1917662503819555
2023-03-31 06:00:00,8.876185552508284,9.257736029791706
2023-03-31 07:00:00,14.358949689611876,13.734939436368952
2023-03-31 08:00:00,12.463109010936588,23.827136439998203
2023-03-31 09:00:00,23.3683563219814,22.891899741072105
2023-03-31 10:00:00,26.964652373365613,36.797207126760426
2023-03-31 11:00:00,26.77391610995459,34.56950535495599
2023-03-31 12:00:00,27.922754647288198,33.38356193568992
2023-03-31 13:00:00,20.25287828600097,32.01996016575913
2023-03-31 14:00:00,18.336422627695757,24.643886826773745
2023-03-31 15:00:00,18.5911540434746,23.3515210873041
2023-03-31 16:00:00,11.819539133783032,22.054674380756694
2023-03-31 17:00:00,15.428607675608191,16.312457770902377
2023-03-31 18:00:00,43.354031952778456,21.5950274553417
2023-03-31 19:00:00,38.017138053385935,32.74438703355681
2023-03-31 20:00:00,22.011573210354715,19.70823151159392
2023-03-31 21:00:00,13.92299750229975,10.670508640660723
2023-03-31 22:00:00,9.763489611714167,6.3147190076344595
2023-03-31 23:00:00,5.19818422468045,4.500800258271716
2023-04-01 00:00:00,5.19818422468045,3.3279917887318886
2023-04-01 01:00:00,5.040364910038705,3.7840078905645083
2023-04-01 02:00:00,3.304352448979514,3.8343474711187833
2023-04-01 03:00:00,3.304352448979514,3.3182511240144636
2023-04-01 04:00:00,3.304352448979514,3.8490271540092467
2023-04-01 05:00:00,4.560797259076235,4.4762833962548
2023-04-01 06:00:00,7.272390698189389,7.977732085392089
2023-04-01 07:00:00,8.281277556275333,14.242514079256448
2023-04-01 08:00:00,18.640260757216787,18.483788542446565
2023-04-01 09:00:00,28.193387976156632,32.48726403318653
2023-04-01 10:00:00,38.2889305608879,37.60364738913893
2023-04-01 11:00:00,40.04313561871255,43.67839261206454
2023-04-01 12:00:00,49.085473455099205,40.773866492024645
2023-04-01 13:00:00,32.377501180680966,44.708387348259436
2023-04-01 14:00:00,33.06638180906858,31.514114958698357
2023-04-01 15:00:00,38.72019247344006,34.248639709954816
2023-04-01 16:00:00,27.17933600810728,34.1329625301772
2023-04-01 17:00:00,45.53006288118657,27.415271967269423
2023-04-01 18:00:00,37.12179885596631,42.31011852700395
2023-04-01 19:00:00,23.553623836910788,28.400641841688586
2023-04-01 20:00:00,20.9276612946534,17.931525478674846
2023-04-01 21:00:00,14.867119083069111,12.489291037810895
2023-04-01 22:00:00,6.305434758156163,7.361348329425907
2023-04-01 23:00:00,9.157618909435724,3.979561985774244
2023-04-02 00:00:00,3.347307798324612,6.292101185233561
2023-04-02 01:00:00,2.9322855761023896,2.9029617047962684
2023-04-02 02:00:00,6.710285576102389,3.5332702558606903
2023-04-02 03:00:00,2.9322855761023896,5.692080971289343
2023-04-02 04:00:00,4.152906265757562,3.306512934363381
2023-04-02 05:00:00,6.490664886447217,6.068910738942502
2023-04-02 06:00:00,2.9322855761023896,9.517897843133028
2023-04-02 07:00:00,9.094057155049756,8.911432682047897
2023-04-02 08:00:00,24.197090504806248,23.648449726856185
2023-04-02 09:00:00,28.72355771416874,35.736513281761304
2023-04-02 10:00:00,31.19333816762733,38.03884676111246
2023-04-02 11:00:00,25.881419218262067,39.82850933127642
2023-04-02 12:00:00,25.809446965609688,33.16534579615044
2023-04-02 13:00:00,41.28701241744351,32.781217449894775
2023-04-02 14:00:00,42.29678846076314,40.442251099710965
2023-04-02 15:00:00,40.86766168893226,35.3168567977691
2023-04-02 16:00:00,20.371360255977976,34.51863674273479
2023-04-02 17:00:00,16.097857120669467,22.386360176060663
2023-04-02 18:00:00,13.60714176310361,23.659052229311545
2023-04-02 19:00:00,13.730613872136992,18.14260000344801
2023-04-02 20:00:00,15.439686084171662,13.875788295824293
2023-04-02 21:00:00,11.004930345669957,10.405839486131669
2023-04-02 22:00:00,5.786815954058467,6.02499088298695
2023-04-02 23:00:00,1.196332083090726,3.5623623712432098
2023-04-03 00:00:00,1.196332083090726,1.5021318280081823
2023-04-03 01:00:00,1.196332083090726,2.0782329524590564
2023-04-03 02:00:00,1.196332083090726,2.293850361277639
2023-04-03 03:00:00,1.196332083090726,2.4265107097088814
2023-04-03 04:00:00,1.196332083090726,2.490063045680884
2023-04-03 05:00:00,1.196332083090726,2.793295297723818
2023-04-03 06:00:00,3.403786628545272,3.874008540030385
2023-04-03 07:00:00,16.83491867789128,9.55326313438054
2023-04-03 08:00:00,22.844032721944014,25.063403063133524
2023-04-03 09:00:00,40.27614709020065,28.46605719515591
2023-04-03 10:00:00,49.55286269765081,43.20392431264345
2023-04-03 11:00:00,58.77458685129322,44.08257315244983
2023-04-03 12:00:00,42.340735945537546,48.073598222111
2023-04-03 13:00:00,38.56967106107824,36.48360028802318
2023-04-03 14:00:00,31.66718605590157,36.758637627713206
2023-04-03 15:00:00,34.81646190989798,30.34012393015855
2023-04-03 16:00:00,28.112007278628525,32.563084260254136
2023-04-03 17:00:00,35.88027362948183,27.76894727627149
2023-04-03 18:00:00,31.94537076964446,35.115836052202106
2023-04-03 19:00:00,16.376336311979205,26.893783496997184
2023-04-03 20:00:00,9.149861635258077,13.780653086022909
2023-04-03 21:00:00,4.287948500636393,7.493188593024723
2023-04-03 22:00:00,0.6688725098077004,3.519604832745987
2023-04-03 23:00:00,0.6688725098077004,1.1199550541875127
2023-04-04 00:00:00,0.6688725098077004,1.8491221521641057
2023-04-04 01:00:00,0.6688725098077004,1.9209835100280415
2023-04-04 02:00:00,0.6688725098077004,1.953731333909897
2023-04-04 03:00:00,0.6688725098077004,2.0327812237244807
2023-04-04 04:00:00,3.2603316250892016,2.120672031749954
2023-04-04 05:00:00,4.370956960209845,4.2649426939531985
2023-04-04 06:00:00,6.639917695213258,6.149320514894365
2023-04-04 07:00:00,23.11124499215316,11.75710285669015
2023-04-04 08:00:00,14.441491341204715,28.555416191590943
2023-04-04 09:00:00,15.874898034693096,21.00708346164145
2023-04-04 10:00:00,14.59994793250689,27.903509469586314
2023-04-04 11:00:00,18.582702265857662,23.921361740765466
2023-04-04 12:00:00,33.40473043469599,27.50878122663207
2023-04-04 13:00:00,52.08377012617487,34.643530815512634
2023-04-04 14:00:00,22.754913654536512,39.50800845594302
2023-04-04 15:00:00,28.1348515867767,20.798125289347883
2023-04-04 16:00:00,37.61731435118923,29.187407329797214
2023-04-04 17:00:00,36.21980555065656,31.014269920852332
2023-04-04 18:00:00,34.72379440893722,30.667088153542174
2023-04-04 19:00:00,31.76076721910929,27.352903802750884
2023-04-04 20:00:00,16.913995843805942,19.738667143987037
2023-04-04 21:00:00,8.87878778311367,9.529034711441263
2023-04-04 22:00:00,6.147746078588117,5.363522522471071
2023-04-04 23:00:00,11.41882954003761,3.9258827911148293
2023-04-05 00:00:00,12.363109843067912,6.302619845258344
2023-04-05 01:00:00,11.208166253324322,5.3829653855694115
2023-04-05 02:00:00,9.213263689221758,5.851517370543709
2023-04-05 03:00:00,9.213263689221758,5.87715820259101
2023-04-05 04:00:00,9.213263689221758,7.146869991815928
2023-04-05 05:00:00,25.466319047404447,8.335853837314133
2023-04-05 06:00:00,20.79675939324144,24.162501775822122
2023-04-05 07:00:00,27.795244202493723,22.553311630428475
2023-04-05 08:00:00,26.20708935839497,40.26645190071146
2023-04-05 09:00:00,42.8627639932804,38.59037787165096
2023-04-05 10:00:00,52.65855370761738,57.860774970070835
2023-04-05 11:00:00,47.79273678852092,56.95721332071026
2023-04-05 12:00:00,39.37726856131425,51.51953714044912
2023-04-05 13:00:00,51.29991952818009,44.46381912415776
2023-04-05 14:00:00,41.00686006890872,52.16559302460993
2023-04-05 15:00:00,37.8123673630907,39.08451159537568
2023-04-05 16:00:00,21.844749844689563,38.82873251250238
2023-04-05 17:00:00,15.353277191146208,27.229786225755294
2023-04-05 18:00:00,26.235106089309586,25.54570822010925
2023-04-05 19:00:00,21.749617604522257,30.82290058059463
2023-04-05 20:00:00,14.699464015064796,17.955864179029096
2023-04-05 21:00:00,18.75594883952989,10.515673798293932
2023-04-05 22:00:00,8.04266983213829,9.652184012554178
2023-04-05 23:00:00,5.026487752089161,4.307654932115552
2023-04-06 00:00:00,5.026487752089161,4.192748106458391
2023-04-06 01:00:00,5.026487752089161,4.04475556684773
2023-04-06 02:00:00,5.026487752089161,4.255521094564209
2023-04-06 03:00:00,5.026487752089161,4.588496460766149
2023-04-06 04:00:00,5.026487752089161,5.083298231266266
2023-04-06 05:00:00,5.734164357593748,5.996674710600013
2023-04-06 06:00:00,14.139994016027057,9.381135062383466
2023-04-06 07:00:00,16.47121250814652,22.158907631665986
2023-04-06 08:00:00,33.95934792352237,26.06010323233636
2023-04-06 09:00:00,44.73197513035889,46.55571019464383
2023-04-06 10:00:00,40.78146371086449,49.371537694916995
2023-04-06 11:00:00,48.36019893042611,46.987788944361455
2023-04-06 12:00:00,41.36093462340684,51.2189461576742
2023-04-06 13:00:00,37.46425123010615,42.036533011744226
2023-04-06 14:00:00,49.13036505778239,40.159048959365805
2023-04-06 15:00:00,30.87896370244773,44.98259763824877
2023-04-06 16:00:00,29.433615851277438,29.95139689317514
2023-04-06 17:00:00,34.36481841048022,33.940551313744194
2023-04-06 18:00:00,47.94741371038803,35.85989159349205
2023-04-06 19:00:00,39.19150401190962,39.0093407464063
2023-04-06 20:00:00,20.353407169638828,23.75407162729303
2023-04-06 21:00:00,5.990703471264384,11.907138356520587
2023-04-06 22:00:00,1.3203650481097875,4.4382076246125335
2023-04-06 23:00:00,1.3203650481097875,2.033647190235141
2023-04-07 00:00:00,1.3203650481097875,2.57234638008341
2023-04-07 01:00:00,1.3203650481097875,2.505462781974598
2023-04-07 02:00:00,1.3203650481097875,2.571111799428728
2023-04-07 03:00:00,2.039688474683214,2.614021370675467
2023-04-07 04:00:00,2.119613299858039,3.1824977621091777
2023-04-07 05:00:00,5.775932448794209,3.6025658986766085
2023-04-07 06:00:00,11.93905347670247,8.926198433086729
2023-04-07 07:00:00,26.14908376358554,16.672630549867215
2023-04-07 08:00:00,32.96770117778649,31.881703541812
2023-04-07 09:00:00,39.49162619401916,37.24857358107637
2023-04-07 10:00:00,47.49939485832121,44.78708664059673
2023-04-07 11:00:00,71.21151546342593,48.7158229141726
2023-04-07 12:00:00,59.95894250283895,59.71617662294121
2023-04-07 13:00:00,49.28243984167857,47.21112059873457
2023-04-07 14:00:00,21.29457790496124,44.163014056635454
2023-04-07 15:00:00,39.45495277017532,24.894541570189816
2023-04-07 16:00:00,64.20656700657733,42.41981223730763
2023-04-07 17:00:00,68.09335321814451,47.30774664719526
2023-04-07 18:00:00,70.00797653892008,49.63322044373986
2023-04-07 19:00:00,54.956533956491,47.193389463977525
2023-04-07 20:00:00,26.14287901026747,30.15605120217832
2023-04-07 21:00:00,8.095982785833732,13.88516286373217
2023-04-07 22:00:00,3.964173963150239,5.782334964256142
2023-04-07 23:00:00,4.869511199764499,4.240140677788055
2023-04-08 00:00:00,2.446217082117441,4.840629844633989
2023-04-08 01:00:00,0.2248641409409706,2.9965397913780336
2023-04-08 02:00:00,0.2248641409409706,1.1730286493075226
2023-04-08 03:00:00,0.2248641409409706,1.8873870920289193
2023-04-08 04:00:00,0.2248641409409706,1.9816796786000832
2023-04-08 05:00:00,0.2394587005264629,2.068702066599671
2023-04-08 06:00:00,4.771530521825899,2.6327760240753793
2023-04-08 07:00:00,16.535761245478948,13.091632614133152
2023-04-08 08:00:00,29.41991064471913,23.19907787794571
2023-04-08 09:00:00,18.9307301023828,34.36531133616605
2023-04-08 10:00:00,39.65094322561975,26.10153858918391
2023-04-08 11:00:00,58.28441079511497,46.20689450025604
2023-04-08 12:00:00,47.99239666528668,46.386815740211254
2023-04-08 13:00:00,46.66759453969668,39.401990813401376
2023-04-08 14:00:00,28.927589221767867,39.71058560671721
2023-04-08 15:00:00,23.547701531759422,27.607388341191978
2023-04-08 16:00:00,18.65303155823583,26.446724484492503
2023-04-08 17:00:00,20.52748212217562,22.90354453515791
2023-04-08 18:00:00,22.711229366144423,25.85129857502232
2023-04-08 19:00:00,29.02417744580738,23.280447764262394
2023-04-08 20:00:00,30.90666204079177,20.035352648534136
2023-04-08 21:00:00,23.209641850550803,13.974550117614601
2023-04-08 22:00:00,8.19607581479492,8.602393523079906
2023-04-08 23:00:00,0.6273797496660196,4.006051849821364
2023-04-09 00:00:00,2.3603797496660195,0.9037670859108589
2023-04-09 01:00:00,0.6273797496660196,3.4237568504496387
2023-04-09 02:00:00,0.8797675047680604,1.8216236611728944
2023-04-09 03:00:00,3.65603281089051,2.432721344983861
2023-04-09 04:00:00,3.65603281089051,3.970035271586988
2023-04-09 05:00:00,3.65603281089051,4.195725010267033
2023-04-09 06:00:00,3.65603281089051,6.550250196212314
2023-04-09 07:00:00,4.6688781050998,9.49481659111942
2023-04-09 08:00:00,13.048316083506194,14.018994796683788
2023-04-09 09:00:00,10.21896147449748,26.260260136666037
2023-04-09 10:00:00,23.11349174198418,20.416138678967776
2023-04-09 11:00:00,47.694010821619294,35.41780798950715
2023-04-09 12:00:00,41.89085049032422,43.10137184742581
2023-04-09 13:00:00,35.2890661551094,35.337930414442994
2023-04-09 14:00:00,38.04187206211659,32.5867774236599
2023-04-09 15:00:00,27.232943803532464,33.01359959270184
2023-04-09 16:00:00,16.82073498334569,25.28957473894047
2023-04-09 17:00:00,14.25959009261392,20.588225345051505
2023-04-09 18:00:00,20.859452870104523,20.328916939097724
2023-04-09 19:00:00,21.58729132468195,22.71837291715089
2023-04-09 20:00:00,11.465126910188332,16.256796402668808
2023-04-09 21:00:00,4.656570569231992,7.490626368955615
2023-04-09 22:00:00,2.340061640660564,3.2538437446536084
2023-04-09 23:00:00,3.7562717792241855,2.2562594576608666
2023-04-10 00:00:00,4.482949374852601,3.171676537325858
2023-04-10 01:00:00,4.482949374852601,3.4113732580452414
2023-04-10 02:00:00,4.379397462284295,3.4908929109102917
2023-04-10 03:00:00,2.138937452348876,3.493318210787696
2023-04-10 04:00:00,2.3295738159852397,2.687640876206602
2023-04-10 05:00:00,2.3295738159852397,3.725468599597999
2023-04-10 06:00:00,8.3340535601217,5.222956014845935
2023-04-10 07:00:00,27.5540777483844,15.483573239753575
2023-04-10 08:00:00,29.562104035173693,31.917006843705355
2023-04-10 09:00:00,50.46155404098524,33.44695744871341
2023-04-10 10:00:00,43.24443688778105,52.28369819276359
2023-04-10 11:00:00,33.578083722355046,42.048330722045826
2023-04-10 12:00:00,26.77884839474759,38.21207269012983
2023-04-10 13:00:00,23.57823192460328,32.29235835637324
2023-04-10 14:00:00,33.781995137153814,29.575119096967004
2023-04-10 15:00:00,19.574042209503677,34.74105764323507
2023-04-10 16:00:00,21.60323438345956,21.58099744462893
2023-04-10 17:00:00,27.84032109116841,27.19317316343964
2023-04-10 18:00:00,21.848759309668186,29.366576575970015
2023-04-10 19:00:00,22.04536180017492,21.925148720698846
2023-04-10 20:00:00,14.323408005590982,17.46157919892986
2023-04-10 21:00:00,5.598275448582759,9.111677347556892
2023-04-10 22:00:00,2.0181065310258144,3.7891995180654527
2023-04-10 23:00:00,2.0181065310258144,2.089766721464772
2023-04-11 00:00:00,2.0181065310258144,2.541559709872303
2023-04-11 01:00:00,2.0181065310258144,2.6115759850423883
2023-04-11 02:00:00,2.0181065310258144,2.6970179410384896
2023-04-11 03:00:00,2.0181065310258144,2.751751674312919
2023-04-11 04:00:00,2.0181065310258144,2.8608323689989876
2023-04-11 05:00:00,2.0181065310258144,3.3550456323832445
2023-04-11 06:00:00,10.518881148997384,4.856995303816231
2023-04-11 07:00:00,22.70444580773055,17.193217090700518
2023-04-11 08:00:00,31.21183590361377,26.762841661974107
2023-04-11 09:00:00,48.547533995158936,35.770757553459106
2023-04-11 10:00:00,46.90143771421966,48.331298887451716
2023-04-11 11:00:00,63.58889942774299,44.49177413602863
2023-04-11 12:00:00,49.66265896493329,54.833229712134965
2023-04-11 13:00:00,52.25675166563683,41.33922742003202
2023-04-11 14:00:00,34.49219377142405,46.036828628834996
2023-04-11 15:00:00,16.30483590638395,31.874654232747183
2023-04-11 16:00:00,17.554857126890894,21.505581559688576
2023-04-11 17:00:00,30.33313860539596,25.721773577189524
2023-04-11 18:00:00,51.18693992511376,33.332807227198316
2023-04-11 19:00:00,37.78615959797207,37.627393556815896
2023-04-11 20:00:00,34.059328611119334,21.464568626762865
2023-04-11 21:00:00,23.00046738081815,16.022369834595978
2023-04-11 22:00:00,21.64610839364507,9.16335989926159
2023-04-11 23:00:00,11.034225985867335,10.275749865605517
2023-04-12 00:00:00,3.4584249150498696,5.6378072776308255
2023-04-12 01:00:00,2.485017507642462,3.177680273480373
2023-04-12 02:00:00,4.810388976569016,3.406118380724837
2023-04-12 03:00:00,5.45357682967636,5.3041805394223625
2023-04-12 04:00:00,5.45357682967636,5.400004015528251
2023-04-12 05:00:00,11.30908425207852,6.545218191820995
2023-04-12 06:00:00,16.566431009248895,14.543290896452023
2023-04-12 07:00:00,29.73267852670105,22.28880635850848
2023-04-12 08:00:00,19.65623942153596,39.46982331971588
2023-04-12 09:00:00,38.57843752468367,31.029105894359173
2023-04-12 10:00:00,41.93890874504328,55.75537524573492
2023-04-12 11:00:00,45.507860916552445,47.498255987134236
2023-04-12 12:00:00,38.68760460777607,50.6022026520144
2023-04-12 13:00:00,45.68875183581217,41.60753057788186
2023-04-12 14:00:00,37.52710957188342,46.7053858951228
2023-04-12 15:00:00,35.307645834991945,36.4307757582737
2023-04-12 16:00:00,34.69608956489252,36.0556087479169
2023-04-12 17:00:00,40.45860530424296,35.3665079629404
2023-04-12 18:00:00,57.35451164544656,39.96814757361089
2023-04-12 19:00:00,57.7250426305286,43.716823067568825
2023-04-12 20:00:00,39.566564775185626,31.06299212917579
2023-04-12 21:00:00,34.89945435649406,17.74905694889694
2023-04-12 22:00:00,2.4367940622770887,15.580818396710907
2023-04-12 23:00:00,0.6242942434663491,0.9633992516682346
2023-04-13 00:00:00,0.6242942434663491,2.6798940911482907
2023-04-13 01:00:00,0.6242942434663491,2.1109582245354623
2023-04-13 02:00:00,0.6242942434663491,2.2743514762583232
2023-04-13 03:00:00,0.6242942434663491,2.302537425433069
2023-04-13 04:00:00,0.6242942434663491,2.3613424103678677
2023-04-13 05:00:00,0.6242942434663491,2.5609301642275883
2023-04-13 06:00:00,4.5880897519054615,3.4616364622237508
2023-04-13 07:00:00,15.901373271796428,12.475625397692848
2023-04-13 08:00:00,30.6314394596513,23.94275513336719
2023-04-13 09:00:00,53.65512719979569,35.840317303416576
2023-04-13 10:00:00,63.69677665772728,49.9250847688032
2023-04-13 11:00:00,59.85323457265062,52.00345205176331
2023-04-13 12:00:00,61.38695064517342,48.98085303284486
2023-04-13 13:00:00,39.0416388877791,49.39906487678658
2023-04-13 14:00:00,29.730752308037676,35.474356315377264
2023-04-13 15:00:00,22.028858414472605,32.20760761452361
2023-04-13 16:00:00,25.580611993003025,25.786996646114154
2023-04-13 17:00:00,21.84407961555224,30.14184412438097
2023-04-13 18:00:00,46.51724820262015,26.04799003519767
2023-04-13 19:00:00,44.23342224068467,39.128032844851575
2023-04-13 20:00:00,23.334746870536524,23.37027131601711
2023-04-13 21:00:00,13.958299312914452,12.020384729818593
2023-04-13 22:00:00,4.4457939056777,7.313237257725474
2023-04-13 23:00:00,2.5809470971670616,3.2186319654520643
2023-04-14 00:00:00,2.5809470971670616,2.9912246264929414
2023-04-14 01:00:00,2.5809470971670616,3.0264429160248336
2023-04-14 02:00:00,2.5809470971670616,3.1755422941554867
2023-04-14 03:00:00,2.5809470971670616,3.259846782102644
2023-04-14 04:00:00,2.5809470971670616,3.431759070692914
2023-04-14 05:00:00,3.301131712551677,4.093672634148268
2023-04-14 06:00:00,13.636462174360664,6.836410802707037
2023-04-14 07:00:00,14.494006356774449,20.7671603885459
2023-04-14 08:00:00,25.022103223500945,22.05201354332147
2023-04-14 09:00:00,31.36595923143464,37.081991988296004
2023-04-14 10:00:00,28.25442357666645,39.278751052097626
2023-04-14 11:00:00,25.584013750661438,37.08647123317306
2023-04-14 12:00:00,43.32077203679887,33.909290510723125
2023-04-14 13:00:00,41.77222671646479,44.42619151769291
2023-04-14 14:00:00,39.51938894125354,36.89217553963597
2023-04-14 15:00:00,38.9906860755648,35.94310837453677
2023-04-14 16:00:00,29.962522458051943,33.96413337872742
2023-04-14 17:00:00,16.751259184466804,29.553383377779905
2023-04-14 18:00:00,20.62134111995269,22.18326967306122
2023-04-14 19:00:00,25.828465846149506,24.730327978884535
2023-04-14 20:00:00,27.148356820818247,19.29611536923585
2023-04-14 21:00:00,4.630588980433058,13.674209086263458
2023-04-14 22:00:00,9.10124793372881,2.1490260185185934
2023-04-14 23:00:00,8.307011499620284,6.95376261551924
2023-04-15 00:00:00,2.204910724426484,4.12155356018932
2023-04-15 01:00:00,1.0170037476822975,2.214531054579356
2023-04-15 02:00:00,1.0170037476822975,1.8685197839275451
2023-04-15 03:00:00,1.0170037476822975,2.3866587049288794
2023-04-15 04:00:00,1.7991981921267424,2.524621244021298
2023-04-15 05:00:00,2.635337081015632,3.6149092948556656
2023-04-15 06:00:00,2.635337081015632,5.810162745802659
2023-04-15 07:00:00,6.02814106452431,8.257358351747913
2023-04-15 08:00:00,20.740158516682985,16.320606980241507
2023-04-15 09:00:00,34.28605187414252,31.80680690492869
2023-04-15 10:00:00,46.05157590131127,38.64204181373884
2023-04-15 11:00:00,46.96108240861209,44.7047211015696
2023-04-15 12:00:00,45.86408833480672,41.80961238253826
2023-04-15 13:00:00,39.79649817553485,40.36784771345062
2023-04-15 14:00:00,48.01418259860232,35.73501798980103
2023-04-15 15:00:00,42.77344806135318,39.78852926677502
2023-04-15 16:00:00,32.89032261504463,33.77496735583148
2023-04-15 17:00:00,43.42726740657043,30.930838683515525
2023-04-15 18:00:00,41.5638031136856,39.37214378489084
2023-04-15 19:00:00,36.908800597574526,31.55719640316912
2023-04-15 20:00:00,35.02166666321401,23.151068389416324
2023-04-15 21:00:00,21.70216769314841,16.1033735465022
2023-04-15 22:00:00,5.5125301929569135,8.969335574247811
2023-04-15 23:00:00,1.624251621528342,3.5762271097999205
2023-04-16 00:00:00,7.647705403040947,2.4259818282594416
2023-04-16 01:00:00,7.749797840015736,6.59773206863848
2023-04-16 02:00:00,1.624251621528342,4.65688743971295
2023-04-16 03:00:00,1.624251621528342,2.3684019580760225
2023-04-16 04:00:00,1.624251621528342,3.444584700060414
2023-04-16 05:00:00,1.624251621528342,3.6171172780574943
2023-04-16 06:00:00,1.624251621528342,5.402474434062225
2023-04-16 07:00:00,8.969382918631943,7.689664042695245
2023-04-16 08:00:00,20.300099609327503,22.407171822900448
2023-04-16 09:00:00,37.92997044100942,30.7501987965294
2023-04-16 10:00:00,49.75391536038831,44.1674230509453
2023-04-16 11:00:00,46.73890098178971,47.23700071026489
2023-04-16 12:00:00,52.90553210663235,43.26608646501252
2023-04-16 13:00:00,54.58281688297304,46.13870381795636
2023-04-16 14:00:00,45.090832209675206,43.890744604239416
2023-04-16 15:00:00,40.88423166719953,37.61744770873346
2023-04-16 16:00:00,34.38627284901181,35.785757133296585
2023-04-16 17:00:00,42.441834357253626,32.88198110751096
2023-04-16 18:00:00,40.30363031304901,39.93615921790312
2023-04-16 19:00:00,33.36702916181729,32.29951237977499
2023-04-16 20:00:00,25.90269206145125,22.410507965488772
2023-04-16 21:00:00,8.449965843593745,13.845153957956377
2023-04-16 22:00:00,2.8018696768417373,5.027257862746721
2023-04-16 23:00:00,2.6299526391316053,3.046165332371891
2023-04-17 00:00:00,4.695888123002573,3.192991257502209
2023-04-17 01:00:00,0.9944203810670892,4.070131755018334
2023-04-17 02:00:00,1.3734895634570263,1.9479561443222142
2023-04-17 03:00:00,3.837439248991618,2.919730772111235
2023-04-17 04:00:00,3.837439248991618,4.284213000433217
2023-04-17 05:00:00,3.837439248991618,4.603730358624068
2023-04-17 06:00:00,10.450051690580402,7.127112770196987
2023-04-17 07:00:00,25.89487339947571,17.79194739556514
2023-04-17 08:00:00,34.37715879475231,32.45331195024185
2023-04-17 09:00:00,49.464193216923405,39.40238848857295
2023-04-17 10:00:00,58.02522042858377,52.2704110245363
2023-04-17 11:00:00,58.85524879516215,54.182906313412964
2023-04-17 12:00:00,43.977566360773686,52.80688105204912
2023-04-17 13:00:00,48.658679026047466,42.28837805485179
2023-04-17 14:00:00,32.85054457891741,46.87655126607264
2023-04-17 15:00:00,20.396720584182017,32.67172889953865
2023-04-17 16:00:00,43.4787675827105,26.15831798962132
2023-04-17 17:00:00,25.223037609205743,44.17535503665493
2023-04-17 18:00:00,19.406416761696093,26.294078142745335
2023-04-17 19:00:00,19.61657651526909,24.47533528303081
2023-04-17 20:00:00,12.105530045675827,17.442348972121668
2023-04-17 21:00:00,5.973323136752935,8.929592431125613
2023-04-17 22:00:00,2.367846472374074,4.517681461946734
